FROM,TO,Weight
#globalwarming,@climatehawk1,290
#uselection,@ajlisteningpost,257
#climate,@climatehawk1,229
#uselection,@realdonaldtrump,228
#prolife,@sbalist,210
#trump,@2alaw,197
#uselection,@2alaw,197
#globalwarming,@emfingersscout,190
#democrat,@seanhannity,190
#globalwarming,@seanhannity,190
#voterfraud,@seanhannity,190
#democrat,@emfingersscout,189
#voterfraud,@emfingersscout,189
#1uvote,@racysicilian,188
#hillaryemails,@racysicilian,188
#economy,@prestigeecon,185
#electingrecession,@prestigeecon,185
#election2016,@prestigeecon,185
#equities,@prestigeecon,185
#gold,@prestigeecon,185
#jobs,@prestigeecon,185
#oil,@prestigeecon,185
#uselection,@jerusalem_post,159
#climatechange,@leodicaprio,150
#uselection,@insidersabc,146
#uselection,@hillaryclinton,145
#campaignzero,@samswey,137
#uselection,@rabbitandcoffee,128
#insiders,@insidersabc,127
#makedonalddrumpfagain,@realdonaldtrump,127
#imwithher,@hillaryclinton,124
#trump,@easymarkets,119
#hillaryemails,@grindingdude,115
#insiders,@rabbitandcoffee,109
#hillaryemails,@hillaryclinton,108
#trump,@rabbitandcoffee,107
#nevertrump,@realdonaldtrump,107
#trump,@insidersabc,106
#trumpwall,@johnrmoffitt,106
#podestaemails,@wikileaks,104
#draintheswamp,@realdonaldtrump,102
#hillaryclinton,@wikileaks,101
#imwithher,@wikileaks,101
#podestaemails2,@grindingdude,100
#trump2016,@immigrant4trump,99
#maga,@immigrant4trump,98
#hillaryemails,@truenorth_eh,97
#msm,@truenorth_eh,97
#wikileaks,@truenorth_eh,97
#uselection,@sputnikint,95
#13th,@foodplants,94
#blacklivesmatter,@foodplants,94
#campaignzero,@jamalandress,94
#clintonfounation,@lvnancy,94
#crookedhillary,@lvnancy,94
#hillaryemails,@lvnancy,94
#paytoplay,@lvnancy,94
#flsendebate,@marcorubio,94
#guncontrol,@boazziz,93
#alllivesmatter,@immigrant4trump,93
#bluelivesmatter,@immigrant4trump,93
#actonclimate,@climatehawk1,92
#prolife,@marcorubio,91
#divest,@climatehawk1,89
#podestaemails9,@wikileaks,89
#maga,@realdonaldtrump,86
#flsendebate,@sbalist,83
#2a,@2afightr,82
#nra,@2afightr,82
#uselection,@inthenow_tweet,81
#mexicowall,@easymarkets,80
#tcot,@2afightr,76
#election2016,@realdonaldtrump,75
#imwithher,@realdonaldtrump,75
#uselection,@theeconomist,72
#crookedhillary,@realkingrobbo,71
#imwithher,@realkingrobbo,71
#alllivesmatter,@smilleesims,70
#prolife,@liveaction,68
#climatechange,@jackthelad1947,67
#tcot,@steve0423,67
#alllivesmatter,@culpritenter,64
#hillaryemails,@defendingtheusa,64
#trumptrain,@defendingtheusa,64
#auspol,@jackthelad1947,63
#guncontrol,@genelingerfelt,62
#imwithher,@sandratxas,61
#prolife,@cecilerichards,60
#prochoice,@ppact,60
#makedonalddrumpfagain,@realdonaldtrump,60
#catholics,@showlady102,59
#hilderbeast,@showlady102,59
#prochoice,@showlady102,59
#trumppence16,@showlady102,59
#2a,@gerfingerpoken,58
#guncontrol,@gerfingerpoken,58
#nra,@gerfingerpoken,58
#hillaryemails,@asamjulian,57
#uselection,@bbcworld,57
#campaignzero,@benjancewicz,57
#hillaryemails,@cnn,57
#prolife,@humancoalition,57
#blacklivesmatter,@13thfilm,56
#guncontrol,@babbsgirl2,56
#trumpwillwin,@babbsgirl2,56
#trump,@realjameswoods,56
#tgdn,@2afightr,55
#uselection,@laurenblauren,55
#corruption,@realjameswoods,55
#guncontrol,@realjameswoods,55
#hillary,@realjameswoods,55
#immigration,@realjameswoods,55
#supremecourt,@realjameswoods,55
#syrians,@realjameswoods,55
#taxes,@realjameswoods,55
#hillaryemails,@supportdonald,55
#prolife,@benjaminswatson,54
#feelthebern,@dragonian3333,54
#100yearsofabuse,@sbalist,54
#pjnet,@2afightr,53
#climate,@climatehawk1,53
#trumptrain,@dragonian3333,53
#blacklivesmatter,@shaunking,53
#maga,@sandratxas,52
#prochoice,@sbalist,52
#benghazi,@thetrumplady,52
#dncleaks,@thetrumplady,52
#hillaryemails,@thetrumplady,52
#podestaemails,@thetrumplady,52
#projectveritasaction,@thetrumplady,52
#wikileaks,@thetrumplady,52
#trumptrain,@realkingrobbo,51
#uselection,@whispersnewsltd,51
#prolife,@esmeraldakiczek,50
#defundpp,@jamesrgoodman,50
#prolife,@jamesrgoodman,50
#pjnet,@steve0423,49
#blacklivesmatter,@wwerollins,49
#100yearsstrong,@ppact,48
#ccot,@2afightr,47
#guncontrol,@2afightr,47
#obama,@drmartyfox,47
#gunsense,@imfabulous13,47
#stopgunviolence,@imfabulous13,47
#hillaryemails,@_makada_,46
#prochoice,@cecilerichards,46
#pjnet,@gerfingerpoken,46
#prolife,@ppact,46
#fbi,@asamjulian,45
#jamescomey,@asamjulian,45
#feelthebern,@berniesanders,45
#blacklivesmatter,@deray,45
#100yearsofabuse,@cecilerichards,44
#100yearsstrong,@cecilerichards,44
#100yearswrong,@cecilerichards,44
#nevertrump,@mitchellvii,44
#100yearsofabuse,@ppact,44
#100yearswrong,@ppact,44
#100yearsstrong,@sbalist,44
#100yearswrong,@sbalist,44
#globalwarming,@un_diverted,44
#auspol,@un_diverted,43
#campaignzero,@anildash,42
#2a,@gerfingerpoken2,42
#guncontrol,@gerfingerpoken2,42
#nra,@gerfingerpoken2,42
#hillaryemails,@1catherinesiena,41
#love,@humancoalition,41
#trump,@realdonaldtrump,41
#trumptrain,@realdonaldtrump,41
#maga,@realkingrobbo,41
#trump2016,@realkingrobbo,41
#trumppence16,@dragonian3333,40
#feelthebern,@hershesquirt,40
#maga,@hershesquirt,40
#neverhillary,@hershesquirt,40
#uniteblue,@hershesquirt,40
#mexico,@johnrmoffitt,40
#texas,@johnrmoffitt,40
#podestaemails16,@1catherinesiena,39
#iwillvote,@baratunde,39
#nevertrump,@baratunde,39
#hillaryemails,@donnabrazile,39
#economy,@easymarkets,39
#uselection,@easymarkets,39
#trump,@financialreview,39
#uselection,@financialreview,39
#feelthebern,@hillaryclinton,39
#imwithher,@hillaryclinton,39
#donaldtrump,@johnrmoffitt,39
#prolife,@prolife_wife,39
#imwithher,@deejay90192,38
#haiti,@deray,38
#pjnet,@drmartyfox,38
#blacklivesmatter,@johncardillo,38
#haiti,@johncardillo,38
#feelthebern,@people4bernie,38
#haiti,@shaunking,38
#imwithher,@weneedhillary,38
#guncontrol,@datagenesis,37
#trump,@libliarssuck,37
#trumpwall,@libliarssuck,37
#clowns,@roweafr,37
#trump,@roweafr,37
#uselection,@roweafr,37
#p2,@weneedhillary,37
#hillyes,@actiontime,36
#imwithher,@actiontime,36
#clowns,@financialreview,36
#americafirst,@sandratxas,36
#guncontrol,@2afightr,35
#voteblue,@actiontime,35
#hillaryemails,@bmoc98,35
#wewillnotbedistracted,@bmoc98,35
#wewillnotbedistracted,@cnn,35
#wewillnotbedistracted,@donnabrazile,35
#tntweeters,@garzavillanueva,35
#uselection,@garzavillanueva,35
#dnc,@hillaryclinton,35
#fbi,@potluckpolitico,35
#hillaryemails,@potluckpolitico,35
#hillarysemail,@potluckpolitico,35
#hillary2016,@actiontime,34
#alllivesmatter,@catwahler,34
#prolife,@evans4staterep,34
#nevertrump,@mcspocky,34
#feelthebern,@preciousliberty,34
#florida,@preciousliberty,34
#orlando,@preciousliberty,34
#tampa,@preciousliberty,34
#uselection,@telegraph,34
#nevertrump,@theantigop,34
#climate,@aldotcom,33
#prochoice,@claredalytd,33
#repealthe8th,@claredalytd,33
#unbornlivesmatter,@jamesrgoodman,33
#climatechange,@kentkristensen1,33
#ctl,@mcspocky,33
#p2,@mcspocky,33
#topprog,@mcspocky,33
#fl,@preciousliberty,33
#prochoice,@repealeight,33
#repealthe8th,@repealeight,33
#election2016,@spindavies,33
#dumptrump,@theantigop,33
#ctl,@weneedhillary,33
#globalwarming,@aldotcom,32
#election2016,@goleftyoungman,32
#catholic,@lvnancy,32
#freestuff,@lvnancy,32
#maga,@lvnancy,32
#mexico,@lvnancy,32
#prolife,@lvnancy,32
#wikileaks10,@lvnancy,32
#unbornlivesmatter,@prolife_wife,32
#alllivesmatter,@realdonaldtrump,32
#prolife,@roseoyuma,32
#blacklivesmatter,@ashagony,31
#investing,@climatehawk1,31
#risk,@climatehawk1,31
#election2016,@hillaryclinton,31
#nevertrump,@hillaryclinton,31
#prochoice,@hillaryclinton,31
#cambioclimatico,@kentkristensen1,31
#nevertrump,@marmel,31
#clinton,@mma_jim,31
#debate,@mma_jim,31
#trump,@mma_jim,31
#uselection,@mma_jim,31
#borders,@natemfnelson,31
#guncontrol,@natemfnelson,31
#hillary,@natemfnelson,31
#immigration,@natemfnelson,31
#blacklivesmatter,@omfg_america,31
#peoplesmonday,@ashagony,30
#hillaryemails,@bfraser747,30
#maga,@bfraser747,30
#scotus,@bfraser747,30
#supremecourt,@bfraser747,30
#divest,@business,30
#globalwarming,@business,30
#imwithher,@damonbethea1,30
#proudtobepa,@damonbethea1,30
#praytoendabortion,@jamesrgoodman,30
#2a,@jko417,30
#guncontrol,@jko417,30
#rednationri,@jko417,30
#2a,@lindasuhler,30
#guncontrol,@lindasuhler,30
#globalwarming,@nasaclimate,30
#clinton,@preciousliberty,30
#nevertrump,@realdonaldtrump,30
#uselection,@realdonaldtrump,30
#2a,@rednationrising,30
#guncontrol,@rednationrising,30
#rednationri,@rednationrising,30
#gunsense,@2afightr,29
#climate,@business,29
#feelthebern,@callawaybot,29
#wikileaks,@hillaryclinton,29
#trump,@mcspocky,29
#uniteblue,@mcspocky,29
#sxsl,@mspackyetti,29
#pjnet,@prolife_wife,29
#imwithher,@chrisjzullo,28
#campaignzero,@deray,28
#climatedisruption,@ajenglish,27
#globalwarming,@ajenglish,27
#blacklivesmatter,@freenauts,27
#rahmemanuel,@gerfingerpoken,27
#sheriffclarke,@gerfingerpoken,27
#wapol,@jackthelad1947,27
#crooked,@lindasuhler,27
#wikileaks,@lindasuhler,27
#globalwarming,@saul42,27
#dncleaks,@supportdonald,27
#nevertrump,@vanjones68,27
#tntweeters,@weneedhillary,27
#hillaryemails,@wikileaks,27
#election2016,@chelsaat,26
#savage,@chelsaat,26
#climatedisruption,@climatehawk1,26
#alllivesmatter,@drmartyfox,26
#hillarysamerica,@drmartyfox,26
#racebating,@drmartyfox,26
#waronpolice,@drmartyfox,26
#globalwarming,@guardian,26
#maga,@hillaryclinton,26
#hillary2016,@inthenow_tweet,26
#alllivesmatter,@michaelcohen212,26
#defundpp,@roseoyuma,26
#dnc,@sarahgi00782242,26
#election2016,@sarahgi00782242,26
#hrc2016,@sarahgi00782242,26
#trump,@theantigop,26
#alllivesmatter,@america_trump,25
#cbs,@chrisjzullo,25
#cnn,@chrisjzullo,25
#foxnews,@chrisjzullo,25
#msnbc,@chrisjzullo,25
#nevertrump,@chrisjzullo,25
#strongertogether,@chrisjzullo,25
#imwithher,@ejlandwehr,25
#nevertrump,@evan_mcmullin,25
#prolife,@gerfingerpoken,25
#blacklivesmatter,@gloed_up,25
#campaignzero,@mspackyetti,25
#campaignzero,@nettaaaaaaaa,25
#stopgunviolence,@potus,25
#debate,@realdonaldtrump,25
#guncontrol,@steve0423,25
#pjnet,@sunbeltgirl,25
#prolife,@thomasmoresoc,25
#2a,@tomcarterforms,25
#guncontrol,@tomcarterforms,25
#pjnet,@tomcarterforms,25
#alllivesmatter,@__j_r,24
#juliekadhu,@ashagony,24
#nativelivesmatter,@ashagony,24
#trump,@darren606,24
#uselection,@darren606,24
#globalwarming,@donahuejm,24
#makedonalddrumpfagain,@drumpf4pres,24
#blacklivesmatter,@evilhillarypics,24
#climatechange,@exxonmobil,24
#climate,@guardian,24
#prolife,@hillaryclinton,24
#trump,@hillaryclinton,24
#insiders,@insidersabc,24
#science,@jackthelad1947,24
#hillaryemails,@jamescomeyfbi,24
#wikileaks,@jamescomeyfbi,24
#dnc,@jamesokeefeiii,24
#hillaryemails,@realdonaldtrump,24
#campaignzero,@repjohnlewis,24
#2a,@steve0423,24
#guncontrol,@steve0423,24
#hillaryshealth,@supportdonald,24
#sxsl,@anildash,23
#climatechange,@apbusiness,23
#justice4msdhu,@ashagony,23
#stopgunviolence,@barackobama,23
#guncontrol,@boazziz,23
#opdrumpf,@drumpf4pres,23
#nevertrump,@girlsreallyrule,23
#lavrov,@hillaryclinton,23
#maga,@just_kurt,23
#neverhillary,@just_kurt,23
#riggedsystem,@just_kurt,23
#uselection,@just_kurt,23
#sxsl,@nettaaaaaaaa,23
#sxsl,@repjohnlewis,23
#voodoo,@saul42,23
#stopgunviolence,@smith83k,23
#prolife,@sunbeltgirl,23
#unbornlivesmatter,@sunbeltgirl,23
#prolife,@toupsfamily,23
#hillaryemails,@trump_videos,23
#wikileaks,@trump_videos,23
#climatechange,@unep,23
#stopgunviolence,@wessmith123,23
#insiders,@abcnews24,22
#insiders,@abctv,22
#makedonalddrumpfagain,@colbyjansenxxx,22
#nevertrump,@colbyjansenxxx,22
#blacklivesmatter,@hillaryclinton,22
#prolife,@kazmierskir,22
#alllivesmatter,@marshawnevans,22
#useyourvoice,@marshawnevans,22
#lavrov,@realdonaldtrump,22
#trump,@realdonaldtrump,22
#trumppence16,@realdonaldtrump,22
#lavrov,@sputnikint,22
#uselection,@sputnikint,22
#comeandtakeit,@starsrule25,22
#guncontrol,@starsrule25,22
#prochoice,@taraflynn,22
#truepundit,@true_pundit,22
#blacklivesmatter,@willis_cj,22
#molonlabe,@2afightr,21
#huffpost,@chrisjzullo,21
#libcrib,@chrisjzullo,21
#uniteblue,@chrisjzullo,21
#prolife,@drbriankiczek,21
#guncontrol,@drmartyfox,21
#guns,@drmartyfox,21
#feelthebern,@ed_hooley,21
#neverhillary,@hillaryclinton,21
#qldpol,@jackthelad1947,21
#americafirst,@just_kurt,21
#hillary,@just_kurt,21
#trump,@just_kurt,21
#prolife,@lifesite,21
#imwithher,@military4trump,21
#nevertrump,@military4trump,21
#teamclinton,@military4trump,21
#guncontrol,@nra,21
#imwithher,@peaceisactive,21
#nextfaketrumpvictim,@peaceisactive,21
#dnc,@realdonaldtrump,21
#blacklivesmatter,@resisttyranny,21
#imwithher,@riotwomennn,21
#praytoendabortion,@roseoyuma,21
#uselection2016,@sputnikint,21
#voting,@sputnikint,21
#billclinton,@supportdonald,21
#halloween2016,@berniesanders,20
#nevertrump,@billkristol,20
#alllivesmatter,@bso,20
#pjnet,@gerfingerpoken2,20
#prochoice,@hotpress,20
#repealthe8th,@hotpress,20
#p2,@janimine,20
#pjnet,@janimine,20
#rednationrising,@janimine,20
#stopgunviolence,@janimine,20
#tcot,@janimine,20
#wakeupamerica,@janimine,20
#christians,@kazmierskir,20
#votetrump,@kazmierskir,20
#2a,@miaanstine,20
#freedom,@miaanstine,20
#guncontrol,@miaanstine,20
#followthemoney,@military4trump,20
#trump2016,@military4trump,20
#alllivesmatter,@mredtrain,20
#defundpp,@mredtrain,20
#2a,@nra,20
#insiders,@rabbitandcoffee,20
#election2016,@realdonaldtrump,20
#repealthe8th,@taraflynn,20
#blacklivesmatter,@theshaderoom,20
#praytoendabortion,@toupsfamily,20
#tjms,@waynedupreeshow,20
#feelthebern,@wikileaks,20
#imwithher,@zaibatsunews,20
#uselection,@ajenglish,19
#hillaryemails,@aliotta10,19
#neverhillary,@aliotta10,19
#podestaemails22,@aliotta10,19
#neverhillary,@billkristol,19
#blacklivesmatter,@dangerousnat,19
#nevertrump,@dangerousnat,19
#prolife,@davidharris707,19
#oh,@deejay90192,19
#guncontrol,@jphilman0206,19
#liberalprivilege,@jphilman0206,19
#actonclimate,@masslive,19
#climate,@masslive,19
#divest,@masslive,19
#globalwarming,@masslive,19
#stopabortion,@mredtrain,19
#campaignzero,@mspackyetti,19
#halloween2016,@people4bernie,19
#blacklivesmatter,@project_veritas,19
#tjms,@project_veritas,19
#trumppence16,@resisttyranny,19
#alllivesmatter,@scottbaio,19
#armedforces,@scottbaio,19
#hero,@scottbaio,19
#vets,@scottbaio,19
#donaldtrump,@telegraph,19
#hillaryclinton,@telegraph,19
#climate,@timmelino,19
#globalwarming,@timmelino,19
#blacklivesmatter,@waynedupreeshow,19
#p2,@zaibatsunews,19
#uselection,@cartercenter,18
#drumpf,@chumppresident,18
#makedonalddrumpfagain,@chumppresident,18
#nevertrump,@chumppresident,18
#globalwarming,@climatehawk1,18
#alllivesmatter,@crystal1johnson,18
#trumpwall,@dailyevergreen,18
#unbornlivesmatter,@esmeraldakiczek,18
#climatechange,@greenpeace,18
#guncontrol,@hillaryclinton,18
#climate,@insideclimate,18
#blacklivesmatter,@kevinwelbeck,18
#tsrpositiveimages,@kevinwelbeck,18
#nevertrump,@kieragorden,18
#prolife,@march_for_life,18
#climatechange,@potus,18
#endabortion,@prolife_wife,18
#election2016,@rasmussen_poll,18
#whitehousewatch,@rasmussen_poll,18
#dumptrump,@realdonaldtrump,18
#hillary,@realdonaldtrump,18
#riggedsystem,@realdonaldtrump,18
#whitehousewatch,@realdonaldtrump,18
#nevertrump,@rogernoriegausa,18
#trump,@rogernoriegausa,18
#blacklivesmatter,@sheriffclarke,18
#alllivesmatter,@steve0423,18
#blacklivesmatter,@steve0423,18
#bluelivesmatter,@steve0423,18
#ccot,@steve0423,18
#tsrpositiveimages,@theshaderoom,18
#climate,@wendyhapgood,18
#globalwarming,@wendyhapgood,18
#investing,@wendyhapgood,18
#risk,@wendyhapgood,18
#neverhillary,@1catherinesiena,17
#sos,@1catherinesiena,17
#rednationrising,@2afightr,17
#hillaryemails,@albertdeascenti,17
#tntweeters,@albertdeascenti,17
#uniteblue,@albertdeascenti,17
#blacklivesmatter,@asianamerica,17
#independents,@asianamerica,17
#latinos,@asianamerica,17
#millennials,@asianamerica,17
#veterans,@asianamerica,17
#prolife,@bakrawiec,17
#election2016,@brucezobel,17
#jesuspaiditall,@catwahler,17
#pjnet,@catwahler,17
#prochoice,@cecilerichards,17
#imwithher,@chumppresident,17
#uselection,@cnn,17
#prochoice,@corasherlock,17
#prolife,@dineshdsouza,17
#hillary,@ed_hooley,17
#blacklivesmatter,@eddie1971nyc,17
#kaepernick,@gloed_up,17
#globalwarming,@insideclimate,17
#uselection,@kimparlee,17
#imwithher,@mayaharris_,17
#maga,@miami4trump,17
#hillaryclinton,@mrntweet2,17
#imwithher,@mrntweet2,17
#lbgtq,@mrntweet2,17
#sourceshaveconfirmed,@mrntweet2,17
#trumppence16,@mrntweet2,17
#uselection,@ramonctaylor,17
#uselection,@ravenhuwolf,17
#hillaryclinton,@realdonaldtrump,17
#trump2016,@realdonaldtrump,17
#trumpwall,@realdonaldtrump,17
#trumptapes,@telegraph,17
#hillary,@thevgblog,17
#hillaryemails,@thevgblog,17
#makedonalddrumpfagain,@tomiahonen,17
#imwithher,@true_pundit,17
#imwithher,@tyleroakley,17
#blacklivesmatter,@varneyco,17
#uselection,@washingtonpost,17
#trumpwall,@wsupullman,17
#uselection,@_four_horsemen,16
#sgp,@2afightr,16
#uselection,@barackobama,16
#uselection,@brucecooper_td,16
#baby,@caterinagrove,16
#ccot,@caterinagrove,16
#dads,@caterinagrove,16
#life,@caterinagrove,16
#moms,@caterinagrove,16
#prolife,@caterinagrove,16
#stopabortion,@caterinagrove,16
#imwithher,@cernovich,16
#prolife,@chris_1791,16
#makedonalddrumpfagain,@cruzinahead,16
#blacklivesmatter,@crystal1johnson,16
#feelthebern,@donnabrazile,16
#prolife,@gerfingerpoken,16
#imwithher,@girlsreallyrule,16
#prochoice,@hillaryclinton,16
#blacklivesmatter,@makaylaathomass,16
#guardyourpussies,@martinstarr,16
#makedonalddrumpfagain,@martinstarr,16
#basketofdeplorables,@mindflayer1969,16
#hillaryemails,@mindflayer1969,16
#hillaryhatesamericans,@mindflayer1969,16
#uselection,@moneytalkbnn,16
#uselection,@nytimes,16
#guncontrol,@peterjholley,16
#deadlines,@ramonctaylor,16
#election2016,@ramonctaylor,16
#uselection,@ravenhuwolf,16
#hillary,@sandratxas,16
#trump,@sandratxas,16
#hillaryemails,@thedemocrats,16
#actonclimate,@thehill,16
#climate,@thehill,16
#globalwarming,@thehill,16
#vote,@thehill,16
#climatechange,@whitehouse,16
#hillary2016,@wikileaks,16
#prochoice,@wildchild69,16
#uselection,@abcnews24,15
#uselection,@abctv,15
#vote,@climatehawk1,15
#voteclimate,@climatehawk1,15
#stopgunviolence,@csgv,15
#blacklivesmatter,@denasialawrence,15
#prolife,@dovewan,15
#pjnet,@esmeraldakiczek,15
#hillaryemails,@fbi,15
#defundpp,@gerfingerpoken,15
#prolife,@gerfingerpoken2,15
#wikileaks4,@grindingdude,15
#nevertrump,@hehasnttweeted2,15
#2a,@hillaryclinton,15
#campaignzero,@hillaryclinton,15
#crookedhillary,@hillaryclinton,15
#lockherup,@hillaryclinton,15
#nevertrump,@hillaryclinton,15
#hillaryemails,@housedemocrats,15
#hillaryliesmatter,@housedemocrats,15
#pasen,@katiemcgintypa,15
#imwithher,@kaylinwinters2,15
#nevertrump,@kaylinwinters2,15
#nevertrump,@kharyp,15
#hillaryemails,@miami4trump,15
#lockherup,@miami4trump,15
#climatechange,@michaelemann,15
#prochoice,@naral,15
#prolife,@pastorbones,15
#dnc,@patriotibrwb,15
#hillaryemails,@patriotibrwb,15
#maga,@patriotibrwb,15
#guncontrol,@picardonhealth,15
#auspol,@realdonaldtrump,15
#prolife,@robinbirdie316,15
#prochoice,@royalhoeliness,15
#hillaryemails,@senatedems,15
#hillaryliesmatter,@senatedems,15
#globalwarming,@senatormroberts,15
#feelthebern,@sensanders,15
#stopgunviolence,@supgvnetwork,15
#prochoice,@thedavidmcguire,15
#hillaryliesmatter,@thedemocrats,15
#uselection,@wikileaks,15
#rkba,@2afightr,14
#tgdn,@2afightr,14
#hfa,@actiontime,14
#asmsg,@amoatengjames1,14
#election2016,@amoatengjames1,14
#paranormal,@amoatengjames1,14
#dnc,@andersoncooper,14
#prolife,@awakedeborah,14
#prolife,@church_pop,14
#climatechange,@climatecouncil,14
#uselection,@davezeltserman,14
#fl,@deejay90192,14
#blacklivesmatter,@echoesfromabove,14
#praytoendabortion,@esmeraldakiczek,14
#hillaryemails,@foxnews,14
#feelthebern,@friendlyjmc,14
#prolife,@gopaaron,14
#auspol,@greensjeremy,14
#uselection,@greensjeremy,14
#actonclimate,@grist,14
#climate,@grist,14
#globalwarming,@grist,14
#p2,@healthuever,14
#pjnet,@healthuever,14
#rednationrising,@healthuever,14
#stopgunviolence,@healthuever,14
#tcot,@healthuever,14
#wakeupamerica,@healthuever,14
#octobersurprise,@hillaryclinton,14
#makedonalddrumpfagain,@iamjohnoliver,14
#alllivesmatter,@jedijones77,14
#trump,@jedijones77,14
#imwithher,@jlo,14
#hillaryemails,@johnfugelsang,14
#climatechange,@joshfoxfilm,14
#debate,@juliamacfarlane,14
#uselection,@juliamacfarlane,14
#blacklivesmatter,@katiemcgintypa,14
#uselection,@kieragorden,14
#climatechange,@kos_cars,14
#globalwarming,@kos_cars,14
#beforetheflood,@leodicaprio,14
#prochoice,@lifehaspurpose,14
#nevertrump,@mbglenn,14
#octobersurprise,@mindflayer1969,14
#debatenight,@realdonaldtrump,14
#donaldtrump,@realdonaldtrump,14
#feelthebern,@realdonaldtrump,14
#hannity,@realdonaldtrump,14
#hillaryemails,@realdonaldtrump,14
#octobersurprise,@realdonaldtrump,14
#trumptapes,@realdonaldtrump,14
#dumptrump,@reverantrevan,14
#makedonalddrumpfagain,@reverantrevan,14
#studentloandebt,@russfeingold,14
#prochoice,@sbalist,14
#clintoncorruption,@shennafoxmusic,14
#election2016,@shennafoxmusic,14
#neverhillary,@shennafoxmusic,14
#putin,@sputnikint,14
#guncontrol,@sunbeltgirl,14
#maga,@teamtrump,14
#donthecon,@theantigop,14
#nevergop,@theantigop,14
#defundpp,@thomasmoresoc,14
#stopgunviolence,@tishjames,14
#uselection,@xhnews,14
#birddogging,@0hour1__,13
#blacklivesmatter,@0hour1__,13
#teaparty,@2afightr,13
#pjnet,@akc0g,13
#uselection,@an9936,13
#guncontrol,@apple,13
#catholic,@awakedeborah,13
#christian,@awakedeborah,13
#imwithher,@bannerite,13
#climatechange,@climatevegan,13
#vegan,@climatevegan,13
#nevertrump,@cnn,13
#trumpwallprotest,@dailyevergreen,13
#trumptrain,@danscavino,13
#iwillvoteforhillarybecause,@deejay90192,13
#guncontrol,@dstroyr_u2b,13
#gunsense,@dstroyr_u2b,13
#riseupasone,@elpaisinenglish,13
#spain,@elpaisinenglish,13
#uselection,@elpaisinenglish,13
#dumptrump,@faithrubpol,13
#nevertrump,@faithrubpol,13
#hillaryemails,@frankgaffney,13
#podestaemails,@frankgaffney,13
#defundpp,@gerfingerpoken2,13
#voteclimate,@grist,13
#feelthebern,@hardlanding,13
#prochoice,@hillaryclinton,13
#debate,@infowars_sniper,13
#election2016,@infowars_sniper,13
#trump,@infowars_sniper,13
#trumpwon,@infowars_sniper,13
#makedonalddrumpfagain,@iraiseufacts,13
#neverforget,@iraiseufacts,13
#election2016,@jimobergefell,13
#voteblue,@jimobergefell,13
#pa,@katiemcgintypa,13
#blacklivesmatter,@kingfilth,13
#filthmob,@kingfilth,13
#kingfilth,@kingfilth,13
#guncontrol,@lalodagach,13
#feelthebern,@leahr77,13
#feelthebern,@middleclazzmom,13
#2a,@mikebloomberg,13
#guncontrol,@mikebloomberg,13
#feelthebern,@misterdish69,13
#amjoy,@mspackyetti,13
#reiders,@mspackyetti,13
#pjnet,@patriotginger2,13
#prolife,@patriotginger2,13
#unbornlivesmatter,@patriotginger2,13
#alllivesmatter,@patriotjewel,13
#praytoendabortion,@patriotjewel,13
#blacklivesmatter,@pitchfork,13
#dnc,@pveritas_action,13
#draintheswamp,@realdonaldtrump,13
#makeamericagreatagain,@realdonaldtrump,13
#trump,@realkingrobbo,13
#nevertrump,@reverantrevan,13
#amjoy,@samswey,13
#campaignzero,@samswey,13
#reiders,@samswey,13
#auspol,@senatormroberts,13
#2a,@starsrule25,13
#feelthebern,@stonewall_77,13
#feelthebern,@sunrise51052,13
#lasvegas,@trumphotels,13
#trumpwall,@trumphotels,13
#feelthebern,@vickilynne58,13
#feelthebern,@vivalaames,13
#feelthebern,@wesntex,13
#climatechange,@allanmargolin,12
#nevertrump,@benhowe,12
#prolife,@biz_emom,12
#alllivesmatter,@blk_voice,12
#blacklivesmatter,@blk_voice,12
#pjnet,@catwahler,12
#prolife,@chooseliferacr,12
#donthecon,@chumppresident,12
#dumptrump,@chumppresident,12
#prolife,@conservbabes,12
#hillaryemails,@daluckyone1,12
#hillaryliesmatter,@daluckyone1,12
#nc,@deejay90192,12
#ut,@deejay90192,12
#blacklivesmatter,@drjillstein,12
#alllivesmatter,@eaint66,12
#blacklivesmatter,@eaint66,12
#hillaryemails,@ericboehlert,12
#voteprolife,@esmeraldakiczek,12
#makedonalddrumpfagain,@faithrubpol,12
#vocalmajority,@gabbygiffords,12
#presidentialdebate,@garzavillanueva,12
#guncontrol,@gunpolicyorg,12
#strongertogether,@hillaryclinton,12
#imwithher,@johnlegend,12
#prochoice,@katiemcgintypa,12
#teamkatie,@katiemcgintypa,12
#hillaryemails,@kylegriffin1,12
#canada,@leafer1,12
#trump,@leafer1,12
#trumptrain,@leafer1,12
#uselection,@leafer1,12
#imwithher,@logicalcampaign,12
#trumptrain,@logicalcampaign,12
#lasvegas,@mackrdslim,12
#trump,@mackrdslim,12
#trumpwall,@mackrdslim,12
#maine,@mikebloomberg,12
#unbloombergme,@mikebloomberg,12
#imwithher,@naral,12
#prochoice,@naral,12
#maine,@nra,12
#unbloombergme,@nra,12
#blacklivesmatter,@only1perseus,12
#alllivesmatter,@periscopetv,12
#god,@periscopetv,12
#periscope,@periscopetv,12
#talk,@periscopetv,12
#imwithher,@politics_pr,12
#uselection,@rashas_mo,12
#canada,@realdenaldtrump,12
#trump,@realdenaldtrump,12
#trumptrain,@realdenaldtrump,12
#uselection,@realdenaldtrump,12
#crookedhillary,@realdonaldtrump,12
#imwithher,@realdonaldtrump,12
#climatechange,@roseaguilar,12
#prolife,@speedprayers,12
#pjnet,@starsrule25,12
#bernieorbust,@sunrise51052,12
#votetrumppence16,@sunrise51052,12
#amjoy,@tmwinsett,12
#campaignzero,@tmwinsett,12
#reiders,@tmwinsett,12
#trump,@tomiahonen,12
#alllivesmatter,@truenorth_eh,12
#pjnet,@truenorth_eh,12
#unbornlivesmatter,@truenorth_eh,12
#trump,@trumphotels,12
#clinton,@ukauthority,12
#cybercrime,@ukauthority,12
#trump,@ukauthority,12
#uselection,@ukauthority,12
#hillaryclinton,@unpoliticalprty,12
#antichoice,@vooda1,12
#prochoice,@vooda1,12
#prolife,@vooda1,12
#hillaryemails,@wsj,12
#orpuw,@2afightr,11
#hillaryemails,@abc,11
#uselection,@abcnews,11
#hrc,@actiontime,11
#hillaryemails,@astrongusa,11
#makedonalddrumpfagain,@athletics,11
#rigged,@athletics,11
#maga,@bakrawiec,11
#valuesvoter,@bakrawiec,11
#blacklivesmatter,@blmla,11
#govtcontrol,@boazziz,11
#imwithher,@brucezobel,11
#nevertrump,@bryandawsonusa,11
#nevertrump,@cernovich,11
#prochoice,@church_pop,11
#infographic,@countable,11
#uselection,@countable,11
#trump2016,@craigstone_,11
#uselection,@craigstone_,11
#ccot,@danoroadblade,11
#prolife,@danoroadblade,11
#tcot,@danoroadblade,11
#vote,@danoroadblade,11
#2a,@drmartyfox,11
#100yearsofabuse,@ericscheidler,11
#prolife,@ericscheidler,11
#nevertrump,@ericwolfson,11
#defundpp,@fchildr,11
#prolife,@fchildr,11
#hannity,@foxnews,11
#uselection,@frankieboyle,11
#prochoice,@frene__,11
#uniteblue,@girlsreallyrule,11
#blacklivesmatter,@gop,11
#imwithher,@gop,11
#independents,@gop,11
#latinos,@gop,11
#millennials,@gop,11
#veterans,@gop,11
#hillarysemail,@hillaryclinton,11
#podestaemails22,@hillaryclinton,11
#nevertrump,@humans_vs_trump,11
#debt,@jackthelad1947,11
#hillaryemails,@jasoninthehouse,11
#imwithher,@kaylinwinters2,11
#freejulian,@kcnationdefense,11
#hillaryemails,@kcnationdefense,11
#podestemails10,@kcnationdefense,11
#wikileaks,@kcnationdefense,11
#liberalprivilege,@kos_cars,11
#prochoice,@kzapponetd,11
#repealthe8th,@kzapponetd,11
#hillary,@lellygal,11
#prolife,@lellygal,11
#trump,@lellygal,11
#sourceshaveconfirmed,@logicalcampaign,11
#abortion,@march_for_life,11
#chooselife,@marylene58,11
#pjnet,@marylene58,11
#prolife,@marylene58,11
#unbornlivesmatter,@marylene58,11
#blacklivesmatter,@mrnegromilitant,11
#climatechange,@mv4hillary,11
#prochoice,@mv4hillary,11
#pa,@naral,11
#pasen,@naral,11
#teamkatie,@naral,11
#climate,@pablorodas,11
#climatechange,@pablorodas,11
#cop21,@pablorodas,11
#cop22,@pablorodas,11
#p2,@pablorodas,11
#prolife,@patriotginger,11
#unbornlivesmatter,@patriotjewel,11
#advice,@periscopetv,11
#prayer,@periscopetv,11
#hillaryemails,@primopolls,11
#trumptape,@primopolls,11
#twitterpoll,@primopolls,11
#america,@realdonaldtrump,11
#uselections2016,@realdonaldtrump,11
#crookedhillary,@realscotternst,11
#guncontrol,@realscotternst,11
#fucktrump,@reverantrevan,11
#election2016,@sputnikint,11
#child,@standtrue,11
#love,@standtrue,11
#prochoice,@standtrue,11
#support,@standtrue,11
#women,@standtrue,11
#dnc,@supportdonald,11
#alllivesmatter,@tariqnasheed,11
#trumptrain,@teamtrump,11
#bigdata,@techtanknews,11
#uselection,@techtanknews,11
#maga,@theantigop,11
#prolife,@thehoosiermommy,11
#nevertrump,@therickydavila,11
#hillaryemails,@vivalibertycom,11
#wikileaks,@vivalibertycom,11
#globalwarming,@wmo,11
#octobersurprise,@xhnews,11
#strongertogether,@zaibatsunews,11
#lockherup,@_makada_,10
#basementdwellers,@_realvalentina_,10
#blacklivesmatter,@andieiamwhoiam,10
#feelthebern,@berniecrats1,10
#debate,@berniesanders,10
#gunsense,@bigfatdave,10
#blacklivesmatter,@brownblaze,10
#imwithher,@brucebourgoine,10
#p2,@brucebourgoine,10
#p2,@brucezobel,10
#trumppence16,@brucezobel,10
#choice42,@choicefortwo,10
#prolife,@choicefortwo,10
#alllivesmatter,@chris_1791,10
#shocking,@chris_1791,10
#abortion,@cnm_michael,10
#prolife,@cnm_michael,10
#globalwarming,@dirkercken,10
#islamophobia,@eddie1971nyc,10
#racism,@eddie1971nyc,10
#tuesdaythoughts,@eddie1971nyc,10
#unbornlivesmatter,@fchildr,10
#donaldtrump,@fubsyshabaroon,10
#makedonalddrumpfagain,@fubsyshabaroon,10
#stopgunviolence,@gabbygiffords,10
#2a,@genelingerfelt,10
#pjnet,@genelingerfelt,10
#hillaryemails,@hfa,10
#debate,@hillaryclinton,10
#hillaryclinton,@hillaryclinton,10
#millennials,@hillaryclinton,10
#trumptrain,@hillaryclinton,10
#veritas,@hillaryclinton,10
#hillaryemails,@housejudiciary,10
#brexit,@irishair_,10
#trumpwall,@irishair_,10
#blacklivesmatter,@janevoter,10
#lgbtq,@jimobergefell,10
#globalwarming,@jmac999,10
#alllivesmatter,@komptonmusic,10
#godbless,@komptonmusic,10
#makedonalddrumpfagain,@lastweektonight,10
#blacklivesmatter,@lawlesspirate,10
#blacklivesmatter,@leahtysse,10
#blacklivesmatter,@lipstickcrnvre,10
#prochoice,@littlemissaoife,10
#repealthe8th,@littlemissaoife,10
#earlyvoting,@logicalcampaign,10
#climatechange,@mahamosa,10
#earth,@mahamosa,10
#environment,@mahamosa,10
#global,@mahamosa,10
#sourceshaveconfirmed,@mahamosa,10
#prochoice,@marieaflaherty,10
#globalwarming,@matty_lawrence,10
#studentloandebt,@missouristate,10
#hillaryemails,@montel_williams,10
#islamophobia,@mrnegromilitant,10
#racism,@mrnegromilitant,10
#tuesdaythoughts,@mrnegromilitant,10
#climatechange,@natgeochannel,10
#prolife,@nrlc,10
#climatechange,@nytimes,10
#pjnet,@patriotginger,10
#unbornlivesmatter,@patriotginger,10
#pjnet,@patriotjewel,10
#healthcare,@ppact,10
#prochoice,@ppact,10
#prolife,@prolife_wife,10
#stopgunviolence,@queseryto,10
#debate,@realdonaldtrump,10
#guncontrol,@realmrspjnet,10
#feelthebern,@rninfl,10
#usa,@rninfl,10
#unbornlivesmatter,@roseoyuma,10
#widebate,@russfeingold,10
#wisen,@russfeingold,10
#nevertrump,@ryebarcott,10
#blacklivesmatter,@sameoldkeven,10
#wikileaks,@sandratxas,10
#hillaryemails,@statdevices,10
#obama,@statdevices,10
#podestaemails7,@statdevices,10
#imwithher,@suzettelt,10
#womenstoptrumpparty,@suzettelt,10
#hillaryemails,@texasman2008,10
#hillarysemail,@therickydavila,10
#stopgunviolence,@wave_edfund,10
#blacklivesmatter,@zaaaym_sheblack,10
#guncontrol,@zesty_rightwing,10
#blacklivesmatter,@0hour1__,9
#rkba,@2afightr,9
#hillaryemails,@2deplorables,9
#election2016,@avanconia,9
#uselection,@bbciplayer,9
#uselection,@bbcpress,9
#feelthebern,@berniethebest1,9
#lockherup,@bikers4trump,9
#uniteblue,@brucebourgoine,9
#clinton,@clauslarsenatos,9
#cybercrime,@clauslarsenatos,9
#trump,@clauslarsenatos,9
#uselection,@clauslarsenatos,9
#climatechange,@climatereality,9
#climatechange,@clime_it,9
#cnn,@cnn,9
#dvam,@csgv,9
#enddvnow,@csgv,9
#praytoendabortion,@davidharris707,9
#15daystillhill,@deejay90192,9
#firedup,@deejay90192,9
#wikileaks,@donnabrazile,9
#earlyvoting,@doubtmyprogress,9
#feelthebern,@doubtmyprogress,9
#writeinbernie,@doubtmyprogress,9
#voteprolife,@drbriankiczek,9
#thepartyroom,@dwabriz,9
#uselection,@dwabriz,9
#thepartyroom,@farrm51,9
#uselection,@farrm51,9
#prolife,@frfrankpavone,9
#vladimirputin,@fubsyshabaroon,9
#prolife,@gerfingerpoken2,9
#trump,@girlsreallyrule,9
#debatenight,@greenpeaceca,9
#uselection,@greenpeaceca,9
#climatechange,@guardianaus,9
#blacklivesmatter,@hanzalaofficial,9
#draintheswamp,@hillaryclinton,9
#dumptrump,@hillaryclinton,9
#hillary,@hillaryclinton,9
#hillaryemails,@hillaryclinton,9
#pa,@hillaryclinton,9
#sourceshaveconfirmed,@hillaryclinton,9
#trump,@hillaryclinton,9
#uselection,@hillaryclinton,9
#studentloandebt,@housegop,9
#uselection,@httweets,9
#islamophobia,@janevoter,9
#racism,@janevoter,9
#tuesdaythoughts,@janevoter,9
#globalwarming,@johnmoralesnbc6,9
#studentloandebt,@kelseymcc17,9
#donaldtrump,@kharyp,9
#studentloandebt,@kharyp,9
#widebate,@kharyp,9
#wisen,@kharyp,9
#trump,@klsouth,9
#isis,@lawlesspirate,9
#wikileaks,@lawlesspirate,9
#climatechange,@leodicaprio,9
#ab775,@lifehaspurpose,9
#abletosave,@lifehaspurpose,9
#hillaryemails,@lifezette,9
#bernie,@lipstickpundit1,9
#bernieorbust,@lipstickpundit1,9
#feelthebern,@lipstickpundit1,9
#trump,@lipstickpundit1,9
#makedonalddrumpfagain,@lovejoy999,9
#globalwarming,@marcorubio,9
#repealthe8th,@marieaflaherty,9
#prolife,@marjoriesba,9
#imwithher,@marmel,9
#climatechange,@mfisher096,9
#globalwarming,@mfisher096,9
#maga,@michaelcohen212,9
#castle2016,@michaelolhava,9
#mosen,@missouristate,9
#hillary2016,@motalvanisabela,9
#maga,@motalvanisabela,9
#uselection,@motalvanisabela,9
#prolife,@novusordowatch,9
#imwithher,@nytimes,9
#nevertrump,@nytimes,9
#blacklivesmatter,@nzayed07,9
#islamophobia,@nzayed07,9
#racism,@nzayed07,9
#tuesdaythoughts,@nzayed07,9
#catholic,@opiniononion7,9
#momvote,@opiniononion7,9
#valuesvoter,@opiniononion7,9
#gbbo,@pattondivision,9
#hillaryemails,@pattondivision,9
#podestaemails4,@pattondivision,9
#podestaemails5,@pattondivision,9
#climate,@paulhbeckwith,9
#climatechange,@paulhbeckwith,9
#womenschoice,@ppact,9
#election2016,@profhansnoel,9
#sentiment,@profhansnoel,9
#us2016,@profhansnoel,9
#prochoice,@prolife_wife,9
#prochoice,@prolifeaction,9
#tcot,@ravenhuwolf,9
#maga3x,@realdonaldtrump,9
#neverhillary,@realdonaldtrump,9
#prochoice,@realdonaldtrump,9
#prolife,@realdonaldtrump,9
#putin,@realdonaldtrump,9
#uselection,@rndrive,9
#hillaryemails,@rnrminnesota,9
#trumpwall,@ronwasaltright,9
#blacklivesmatter,@rt_america,9
#prolife,@rumpfshaker,9
#hillary,@seanhannity,9
#hillaryemails,@seanhannity,9
#debate,@sputnikint,9
#millennials,@sputnikint,9
#feelthebern,@stacybrewer18,9
#jillnothill,@stacybrewer18,9
#maga,@sunrise51052,9
#mosen,@teamkander,9
#studentloandebt,@teamkander,9
#aclu,@tgradous,9
#alllivesmatter,@tgradous,9
#backtheblue,@tgradous,9
#standfortheblue,@tgradous,9
#nevertrump,@thedailybeast,9
#feelthebern,@thomasbernpaine,9
#studentloandebt,@ticas_org,9
#draintheswamp,@tipstoheal,9
#hillaryemails,@tipstoheal,9
#podestaemails16,@tipstoheal,9
#trumppence16,@tomiahonen,9
#blacklivesmatter,@trueblacknews,9
#blacklivesmatter,@umlahab,9
#feelthebern,@us_army_vet,9
#usa,@us_army_vet,9
#imwithher,@viciousbabushka,9
#tcot,@viciousbabushka,9
#uniteblue,@viciousbabushka,9
#makedonalddrumpfagain,@_tedious_,8
#prochoice,@aauw,8
#election2016,@abinarynews,8
#uniteblue,@actiontime,8
#feelthebern,@agnesclaire,8
#imwithher,@agnesclaire,8
#maga,@agnesclaire,8
#prolife,@akc0g,8
#unbornlivesmatter,@akc0g,8
#debatenight,@anncoulter,8
#illegalimmigrants,@anncoulter,8
#securetheborder,@anncoulter,8
#trumpwall,@anncoulter,8
#prochoice,@authorkimberley,8
#hillary,@avanconia,8
#catholic,@bakrawiec,8
#momvote,@bakrawiec,8
#makeamericagreatagain,@bedonalddrumpf,8
#makedonalddrumpfagain,@bedonalddrumpf,8
#trump2016,@bedonalddrumpf,8
#election2016,@benjung,8
#standupwithevan,@benjung,8
#wikileaks,@berniesanders,8
#nevertrump,@bethweber1,8
#nevertrump,@billmaher,8
#catholic,@biz_emom,8
#prochoice,@blueskies366,8
#guncontrol,@boazziz,8
#debate,@carrieksada,8
#feelthebern,@carrieksada,8
#wikileaks,@carrieksada,8
#election2016,@chessie_girl,8
#repealthe19th,@chessie_girl,8
#alllivesmatter,@chiarigirl357,8
#frackers,@chiarigirl357,8
#nodapl,@chiarigirl357,8
#standingwithstandingrock,@chiarigirl357,8
#waterislife,@chiarigirl357,8
#prochoice,@choicefortwo,8
#praytoendabortion,@chooseliferacr,8
#protectlife,@chooseliferacr,8
#sitin,@chooseliferacr,8
#auspol,@climateguardia,8
#climatechange,@climateguardia,8
#hfc,@climatehawk1,8
#hillaryliesmatter,@cnn,8
#trumpwall,@culinary226,8
#hillaryclinton,@dailyo_,8
#uselection,@dailyo_,8
#babies,@danoroadblade,8
#plannedparenthood,@danoroadblade,8
#2a,@datagenesis,8
#pjnet,@datagenesis,8
#fbi,@debramessing,8
#hillarysemail,@debramessing,8
#nevertrump,@debramessing,8
#hillaryemails,@debsellsslc,8
#pa,@deejay90192,8
#healthcare,@dinatitus,8
#prochoice,@dinatitus,8
#womenschoice,@dinatitus,8
#guncontrol,@donaldtrumpwall,8
#policestate,@donaldtrumpwall,8
#debate,@donnabrazile,8
#uselection,@drjillstein,8
#nra,@dstroyr_u2b,8
#climate,@ecowatch,8
#globalwarming,@ecowatch,8
#bleachbit,@fbi,8
#hillarysemail,@fbi,8
#lockherup,@fbi,8
#podestaemails22,@fbi,8
#uselection,@fbi,8
#weiner,@fbi,8
#hillaryliesmatter,@foxnews,8
#trumptapes,@girlsreallyrule,8
#election2016,@gop,8
#nevertrump,@gop,8
#strongertogether,@h1llary4prez,8
#bleachbit,@hillaryclinton,8
#election2016,@hillaryclinton,8
#fl,@hillaryclinton,8
#iwillvoteforhillarybecause,@hillaryclinton,8
#nc,@hillaryclinton,8
#oh,@hillaryclinton,8
#p2,@hillaryclinton,8
#podestaemails,@hillaryclinton,8
#prolife,@hillaryclinton,8
#uselections2016,@hillaryclinton,8
#weiner,@hillaryclinton,8
#imwithher,@honey17011,8
#makedonalddrumpfagain,@iamjohnoliver,8
#hillaryemails,@imwithyou010,8
#guncontrol,@insanityisfree,8
#prochoice,@ireland,8
#mnleg,@jackiec1989,8
#prochoice,@jackiec1989,8
#strongertogether,@jackiec1989,8
#womenwinning,@jackiec1989,8
#praytoendabortion,@jamesrgoodman,8
#foxnews,@jasoninthehouse,8
#maddow,@jasoninthehouse,8
#prolife,@jaxsaxman,8
#prolife,@jaysekulow,8
#guncontrol,@jeff257,8
#hillary,@johnjohngildea,8
#hillaryemails,@johnjohngildea,8
#debate,@jolly_rancher,8
#election2016,@jolly_rancher,8
#imwithher,@kamvtv,8
#ocala,@kamvtv,8
#wednesdaywisdom,@kamvtv,8
#bernie,@klsouth,8
#bernieorbust,@klsouth,8
#feelthebern,@klsouth,8
#makedonalddrumpfagain,@lastweektonight,8
#prochoice,@letha_hughes,8
#bleachbit,@lonewolf907,8
#hillarysemail,@lonewolf907,8
#lockherup,@lonewolf907,8
#podestaemails22,@lonewolf907,8
#weiner,@lonewolf907,8
#nevertrump,@mama_jones2013,8
#ohvotesearly,@mama_jones2013,8
#prochoice,@march_for_life,8
#blacklivesmatter,@mattmcgorry,8
#hannity,@mike_pence,8
#alllivesmatter,@naijaplayhiphop,8
#studentloandebt,@nasfaa,8
#beforetheflood,@natgeochannel,8
#maga,@ndctrump,8
#feelthebern,@nerdroadkill,8
#imwithher,@nerdroadkill,8
#imwithher,@nobarriers2016,8
#prochoice,@novusordowatch,8
#election2016,@nytimes,8
#maga,@opiniononion7,8
#prolife,@opiniononion7,8
#climatechange,@pauledawson,8
#climatechange,@pauledawson,8
#globalwarming,@paulhbeckwith,8
#weather,@paulhbeckwith,8
#uselection,@potus,8
#clinton,@profhansnoel,8
#nevertrump,@radiofreetom,8
#guncontrol,@randpaul,8
#policestate,@randpaul,8
#canada,@ravenhuwolf,8
#europe,@ravenhuwolf,8
#georgesoros,@ravenhuwolf,8
#globalist,@ravenhuwolf,8
#obamacare,@realdonaldtrump,8
#prochoice,@realdonaldtrump,8
#voteblue,@realdonaldtrump,8
#vote,@riotwomennn,8
#art,@rocketcstudio,8
#eco,@rocketcstudio,8
#globalwarming,@rocketcstudio,8
#graffiti,@rocketcstudio,8
#nature,@rocketcstudio,8
#streetart,@rocketcstudio,8
#alllivesmatter,@rolandschoeman,8
#stopgunviolence,@rolandschoeman,8
#hannity,@seanhannity,8
#hillaryemails,@simonradio1776,8
#migrants,@sputnikint,8
#trump,@sputnikint,8
#blklivesmatter,@sunrise51052,8
#strongertogether,@sunrise51052,8
#fbi,@therickydavila,8
#50points,@thevgblog,8
#hillarysheal,@thevgblog,8
#climatechange,@timmelino,8
#climatechange,@unpoliticalprty,8
#jobs,@unpoliticalprty,8
#nevertrump,@unpoliticalprty,8
#preborn,@unpoliticalprty,8
#election2016,@vabvox,8
#lesbicontent,@vabvox,8
#uselection,@vabvox,8
#alllivesmatter,@virginialynn_,8
#insiders,@washingtonpost,8
#climatechange,@wbg_climate,8
#resilience,@wbg_climate,8
#clinton,@weblyzard,8
#election2016,@weblyzard,8
#sentiment,@weblyzard,8
#us2016,@weblyzard,8
#uniteblue,@weneedhillary,8
#prolife,@wildchild69,8
#uselection,@williamsjon,8
#nevertrump,@wtfnewsamerica,8
#tcot,@zaibatsunews,8
#feelthebern,@_realvalentina_,7
#hillary,@_realvalentina_,7
#auspol,@abcnews24,7
#uselection,@abcnews24,7
#auspol,@abctv,7
#uselection,@abctv,7
#clinton,@adamgrowe,7
#debatenight,@adamgrowe,7
#environment,@adamgrowe,7
#trump,@adamgrowe,7
#uselection,@adamgrowe,7
#hillaryemails,@adrianastuijt,7
#defundpp,@akc0g,7
#studentloandebt,@analieseeicher,7
#debatenight,@atlaswon,7
#illegalimmigrants,@atlaswon,7
#securetheborder,@atlaswon,7
#trumpwall,@atlaswon,7
#blacklivesmatter,@avaetc,7
#feelthebern,@berniesanders,7
#imwithher,@bethweber1,7
#guncontrol,@bigfatdave,7
#newrules,@billmaher,7
#uselection,@billmaher,7
#2a,@boazziz,7
#canadian,@brucecooper_td,7
#investors,@brucecooper_td,7
#imwithher,@bryandawsonusa,7
#imwithher,@chris11962,7
#neverhillary,@chris11962,7
#pjnet,@cnm_michael,7
#unbornlivesmatter,@cnm_michael,7
#imwithher,@co_rapunzel4,7
#libcrib,@co_rapunzel4,7
#blacklivesmatter,@dahmacdaddy808,7
#independents,@dahmacdaddy808,7
#latinos,@dahmacdaddy808,7
#millennials,@dahmacdaddy808,7
#veterans,@dahmacdaddy808,7
#precious,@davidharris707,7
#ia,@deejay90192,7
#climatechange,@deiafilm,7
#gunsense,@die__trying_,7
#prochoice,@diviided,7
#2a,@dstroyr_u2b,7
#guns,@dstroyr_u2b,7
#billclinton,@ed_hooley,7
#blacklivesmatter,@ed_hooley,7
#blackpower,@ed_hooley,7
#blm,@ed_hooley,7
#clintonfoundation,@ed_hooley,7
#hillary2016,@ed_hooley,7
#maga,@ed_hooley,7
#foxnews,@elnortej,7
#hillaryemails,@elnortej,7
#maddow,@elnortej,7
#globalwarming,@fightdenial,7
#bernie,@for_trump_2016,7
#bernieorbust,@for_trump_2016,7
#berniesanders,@for_trump_2016,7
#clinton,@for_trump_2016,7
#corruption,@for_trump_2016,7
#feelthebern,@for_trump_2016,7
#hillary,@for_trump_2016,7
#hillaryclinton,@for_trump_2016,7
#neverhillary,@for_trump_2016,7
#abortion,@gerfingerpoken,7
#texas,@gerfingerpoken,7
#rahmemanuel,@gerfingerpoken2,7
#sheriffclarke,@gerfingerpoken2,7
#actonclimate,@ghoshamitav,7
#climate,@ghoshamitav,7
#globalwarming,@ghoshamitav,7
#actonclimate,@guardian,7
#crookedhillary,@halsteadg048,7
#hillaryemails,@halsteadg048,7
#paytoplay,@halsteadg048,7
#imwithher,@hfa,7
#riggingtheelection,@highcrimes_,7
#debate,@hillaryclinton,7
#fbi,@hillaryclinton,7
#feelthebern,@hillaryclinton,7
#gunrights,@hillaryclinton,7
#hillaryliesmatter,@hillaryclinton,7
#newhampshire,@hillaryclinton,7
#riggingtheelection,@hillaryclinton,7
#uniteblue,@hillaryclinton,7
#nevertrump,@hispanicstrump,7
#trumppoll,@humans_vs_trump,7
#trumptapes,@imtonykenny,7
#uselection,@imtonykenny,7
#nevertrump,@ingrahamangle,7
#feelthebern,@inlwithlbeingl,7
#trump,@insidersabc,7
#capitalism,@jackthelad1947,7
#guncontrol,@jas0n_t,7
#gunsense,@jas0n_t,7
#prolife,@jaxsaxman,7
#abortion,@jaysekulow,7
#jaylive,@jaysekulow,7
#guncontrol,@jdmeac,7
#gunsense,@jdmeac,7
#gunsense,@jeff257,7
#trump,@johnrmoffitt,7
#dakotaaccesspipeline,@joshfoxfilm,7
#tyt,@joshfoxfilm,7
#stopgunviolence,@joshuamhorwitz,7
#climatechange,@juanorlandoh,7
#honduras,@juanorlandoh,7
#humanrights,@juanorlandoh,7
#bleachbit,@jwspry,7
#hillarysemail,@jwspry,7
#lockherup,@jwspry,7
#podestaemails22,@jwspry,7
#uselection,@jwspry,7
#weiner,@jwspry,7
#trump,@kellyannepolls,7
#imwithher,@kezdugdale,7
#canadian,@kimparlee,7
#investors,@kimparlee,7
#beforetheflood,@leodicaprio,7
#crookedhillary,@libertyusa1776,7
#hillary,@libertyusa1776,7
#hillaryemails,@libertyusa1776,7
#robbymook,@libertyusa1776,7
#prolife,@liveactionnews,7
#uselection,@lonewolf907,7
#imwithher,@mama_jones2013,7
#imwithher,@manmet80,7
#blacklivesmatter,@marcarobinson1,7
#fix96,@marcarobinson1,7
#clintonemails,@mebabihutan,7
#hillary,@mebabihutan,7
#imwithher,@mebabihutan,7
#maga,@mebabihutan,7
#trump,@mebabihutan,7
#votrtrump,@mebabihutan,7
#imwithher,@megansmiles,7
#election2016,@michaeldean0116,7
#hillaryclinton,@michaeldean0116,7
#hillaryemails,@michaeldean0116,7
#cruzcrew,@michaelolhava,7
#nevertrump,@michaelolhava,7
#blacklivesmatter,@mikejonesyjones,7
#climatechange,@mincanadafa,7
#honduras,@mincanadafa,7
#humanrights,@mincanadafa,7
#globalwarming,@mishgea,7
#canadian,@moneytalkbnn,7
#investors,@moneytalkbnn,7
#blacklivesmatter,@muchmoresalt,7
#blacksfortrump,@muchmoresalt,7
#trump,@muchmoresalt,7
#woke,@muchmoresalt,7
#guncontrol,@noleforjustice,7
#alllivesmatter,@notospeciesism,7
#stopgunviolence,@nyt,7
#thatmexicanthing,@nytimes,7
#ocbcmoneymonday,@ocbc_vasumenon,7
#hillaryemails,@ohiobelle,7
#maga,@omarosa,7
#prolife,@patriotginger2,7
#guncontrol,@pattriotpat,7
#pjnet,@pattriotpat,7
#tcot,@pattriotpat,7
#keepitintheground,@pauledawson,7
#libcrib,@politics_pr,7
#prolife,@ppfa,7
#insiders,@realdonaldtrump,7
#presidentialdebate,@realdonaldtrump,7
#strongertogether,@realdonaldtrump,7
#tcot,@realdonaldtrump,7
#trumpwall,@realdonaldtrump,7
#studentloandebt,@reprichmond,7
#ccot,@rlestate4life,7
#prolife,@rlestate4life,7
#rt,@rlestate4life,7
#tcot,@rlestate4life,7
#thepartyroom,@rndrive,7
#catsuit,@rubberdoll,7
#imwithher,@rubberdoll,7
#latex,@rubberdoll,7
#sensational,@rubberdoll,7
#nevertrump,@rumpfshaker,7
#trumptapes,@rumpfshaker,7
#clintonkaine2016,@rvaregal,7
#nevertrump,@rvaregal,7
#tn07,@sbalist,7
#makedonalddrumpfagain,@seanhannity,7
#nevertrump,@seanhannity,7
#imwithher,@sebroche,7
#assange,@seeker401,7
#ecuador,@seeker401,7
#uselection,@seeker401,7
#wikileaks,@seeker401,7
#debate,@senfallon2016,7
#makedonalddrumpfagain,@senfallon2016,7
#2a,@shallnotorg,7
#guncontrol,@shallnotorg,7
#gunrights,@shallnotorg,7
#imwithher,@shaw85tim,7
#libcrib,@shaw85tim,7
#clinton,@steveruffley,7
#s,@steveruffley,7
#uselection,@steveruffley,7
#clinton,@supportdonald,7
#trump2016,@supportdonald,7
#catsuit,@tarheelkrazie,7
#imwithher,@tarheelkrazie,7
#latex,@tarheelkrazie,7
#sensational,@tarheelkrazie,7
#trumpwall,@teamtrump,7
#hillaryemails,@tgowdysc,7
#election2016,@therealcurve,7
#lesbicontent,@therealcurve,7
#uselection,@therealcurve,7
#neverhate,@tk_perry,7
#nevertrump,@tk_perry,7
#maga,@tomiahonen,7
#gunsense,@tuffelhund2003,7
#draintheswamp,@tweet4snowden,7
#guncontrol,@tweet4snowden,7
#podestaemails17,@tweet4snowden,7
#wikileaks,@tweet4snowden,7
#imwithher,@twitter,7
#pmlive,@un_diverted,7
#ourplanet,@unep,7
#gunsense,@usc91787,7
#studentloandebt,@vhlawgroup,7
#nevertrump,@vooda1,7
#prolife,@votemarsha,7
#tn07,@votemarsha,7
#podestaemails8,@wikileaks,7
#humanrights,@wildchild69,7
#prolife,@wms_mary,7
#blacklivesmatter,@youtube,7
#blacklivesmatter,@youtube,7
#mexicanproblems,@_realvalentina_,6
#podestaemails5,@_realvalentina_,6
#idiot,@2afightr,6
#alllivesmatter,@aires_amor,6
#blacklivesmatter,@aires_amor,6
#donaldtrump,@airnewsalerts,6
#hillaryclinton,@airnewsalerts,6
#uselection,@airnewsalerts,6
#blacklivesmatter,@ajplus,6
#prolife,@akc0g,6
#globalwarming,@allanmargolin,6
#alllivesmatter,@alverezamanda,6
#alllivesmatter,@amazon,6
#charlotte,@amazon,6
#imwithher,@american_putz,6
#mondaymotivation,@andieiamwhoiam,6
#neverhillary,@andieiamwhoiam,6
#talktome,@andieiamwhoiam,6
#trump,@andieiamwhoiam,6
#pearliegolden,@ashagony,6
#makeamericagreatagain,@avanconia,6
#votetrump,@avanconia,6
#voteyourfuture,@avanconia,6
#unbornlivesmatter,@awakedeborah,6
#benghazi,@barbee_liz,6
#collusion,@barbee_liz,6
#hillaryemails,@barbee_liz,6
#hillaryhatesamericans,@barbee_liz,6
#maga,@barbee_liz,6
#podestaemails,@barbee_liz,6
#trumptrain,@barbee_liz,6
#uselection,@bbcjonsopel,6
#blacklivesmatter,@benandjerrys,6
#askbernie,@berniesanders,6
#bernieorbust,@berniesanders,6
#campaignzero,@berniesanders,6
#retweet,@bikers4trump,6
#maga,@biz_emom,6
#podestaemails16,@biz_emom,6
#blacklivesmatter,@blacknewsoutlet,6
#oregon,@blacknewsoutlet,6
#peace,@cartercenter,6
#prolife,@causeofourjoy,6
#hw,@cbcpolitics,6
#uselection,@cbcpolitics,6
#climatechange,@cechr_uod,6
#humaabedin,@cernovich,6
#lockerherup,@cernovich,6
#podestaemails22,@cernovich,6
#womenfortrump,@cernovich,6
#hillaryemails,@cgerm1,6
#maga,@cgerm1,6
#neverhillary,@cgerm1,6
#abortion,@chris_1791,6
#dumptrump,@chumppresident,6
#globalwarming,@climatesignals,6
#debate,@cnn,6
#climate,@commondreams,6
#globalwarming,@commondreams,6
#unbornlivesmatter,@cosiskey,6
#climatechange,@creationcare,6
#globalwarming,@dailycaller,6
#clinton,@davidicke,6
#uselection,@davidicke,6
#readyforhillary,@deejay90192,6
#welovehillary,@deejay90192,6
#blacklivesmatter,@deptofdefense,6
#campaignzero,@deptofdefense,6
#askbernie,@deray,6
#guncontrol,@die__trying_,6
#iceberg,@dirkercken,6
#iceland,@dirkercken,6
#landscape,@dirkercken,6
#meltingice,@dirkercken,6
#sceniclandscape,@dirkercken,6
#blacklivesmatter,@docmellymel,6
#crookedhillary,@dragonian3333,6
#donaldtrumpusa1,@dragonian3333,6
#gunviolence,@dstroyr_u2b,6
#ssm,@dwabriz,6
#dnc,@ejdionne,6
#nevertrump,@ejlandwehr,6
#abortionrights,@ericshapiro3,6
#p2,@ericshapiro3,6
#prochoice,@ericshapiro3,6
#prolife,@ericshapiro3,6
#imwithher,@ericwolfson,6
#p2,@ericwolfson,6
#arcgis,@esriuk,6
#uselection,@esriuk,6
#ssm,@farrm51,6
#pjnet,@fchildr,6
#hillaryemails,@fj473,6
#wikileaks,@fj473,6
#alllivesmatter,@floydmayweather,6
#blacklivesmatter,@fordfoundation,6
#blacklivesmatter,@freenauts,6
#boston,@gabbygiffords,6
#hillaryemails,@georgesoros,6
#climatechage,@gerfingerpoken2,6
#globalwarming,@gerfingerpoken2,6
#firedup,@gop,6
#readyforhillary,@gop,6
#trumpwall,@gop,6
#uselection,@gop,6
#welovehillary,@gop,6
#arizona,@gotspeed2burn,6
#hillaryclinton,@gotspeed2burn,6
#hispanic,@gotspeed2burn,6
#prolife,@gotspeed2burn,6
#feelthebern,@govtstheproblem,6
#stillsanders,@govtstheproblem,6
#humaabedin,@handley_dix,6
#imwithher,@handley_dix,6
#lockerherup,@handley_dix,6
#podestaemails22,@handley_dix,6
#womenfortrump,@handley_dix,6
#uselection,@hanover_jack,6
#prochoice,@hicaliberlilgal,6
#creamer,@highcrimes_,6
#broadwayforhillary,@hillaryclinton,6
#climatechange,@hillaryclinton,6
#creamer,@hillaryclinton,6
#debates2016,@hillaryclinton,6
#draintheswamp,@hillaryclinton,6
#guncontrol,@hillaryclinton,6
#makedonalddrumpfagain,@hillaryclinton,6
#makedonalddrumpfagain,@hillaryclinton,6
#msm,@hillaryclinton,6
#ohvotesearly,@hillaryclinton,6
#politics,@hillaryclinton,6
#uselection,@hillaryclinton,6
#womenstoptrumpparty,@hillaryclinton,6
#wontholdmybreath,@hillaryclinton,6
#imwithher,@hillaryin2016,6
#alllivesmatter,@hiphopwired,6
#nevertrump,@honey17011,6
#blacklivesmatter,@hrtablaze,6
#pjnet,@hutch_usa,6
#imwithher,@immigrant4trump,6
#auspol,@insidersabc,6
#uselection,@insidersabc,6
#uselection,@jack,6
#poverty,@jackthelad1947,6
#unbornlivesmatter,@jaxsaxman,6
#breaking,@joecostello,6
#hillaryemails,@joecostello,6
#50points,@johnjohngildea,6
#hillarysheal,@johnjohngildea,6
#election2016,@julietmod,6
#sayhername,@katiemcgintypa,6
#byegop,@kaylinwinters2,6
#nevertrump,@kaylinwinters2,6
#hillary,@kellyannepolls,6
#nevertrump,@kellyannepolls,6
#imwithher,@kharyp,6
#alllivesmatter,@khyradadon,6
#bluelivesmatter,@khyradadon,6
#yougottogoif,@khyradadon,6
#newrules,@kieragorden,6
#uselection,@kieragorden,6
#studentloandebt,@kimmaytube,6
#canadians,@kimparlee,6
#nevertrump,@kris_sacrebleu,6
#podestaemails,@lifezette,6
#election2016,@lpnational,6
#thingsisayprettyoften,@manmet80,6
#thatmexicanthing,@marco_ny23,6
#uselection,@marco_ny23,6
#globalwarming,@marketing_birds,6
#savewater,@marketing_birds,6
#hellexpanding,@matty_lawrence,6
#trumpwall,@meganmurnane,6
#nevertrump,@melaniatrump,6
#uselection,@mike_pence,6
#climatechange,@mitch_at_een,6
#potus2016,@mjhucknall,6
#trumpwall,@mjhucknall,6
#alllivesmatter,@mmi5574,6
#canadians,@moneytalkbnn,6
#prolife,@mrmikemac,6
#hillaryemails,@mtracey,6
#insiders,@murpharoo,6
#trump,@murpharoo,6
#uselection,@murpharoo,6
#prolife,@naranjofdez,6
#sialavida,@naranjofdez,6
#hillary2016,@nerdroadkill,6
#trump2016,@nerdroadkill,6
#adoptdontshop,@notospeciesism,6
#adopting,@notospeciesism,6
#cats,@notospeciesism,6
#dogs,@notospeciesism,6
#pet,@notospeciesism,6
#rabbits,@notospeciesism,6
#guncontrol,@nra,6
#neverhillary,@nra,6
#prolife,@patriotginger,6
#baby,@patriotginger2,6
#ccot,@patriotginger2,6
#dads,@patriotginger2,6
#life,@patriotginger2,6
#moms,@patriotginger2,6
#stopabortion,@patriotginger2,6
#feelthebern,@pcy2rl,6
#hillary,@peoplescourt79,6
#imwithher,@peoplescourt79,6
#globalwarming,@plurtoise,6
#election2016,@pollytickal,6
#imwithher,@pollytickal,6
#jillnothill,@pollytickal,6
#maga,@pollytickal,6
#neverhillary,@pollytickal,6
#catholic,@pontifex,6
#maga,@pontifex,6
#podestaemails16,@pontifex,6
#prolife,@pontifex,6
#blacklivesmatter,@ppadvocatespa,6
#sayhername,@ppadvocatespa,6
#studentloandebt,@princessmom122,6
#blacklivesmatter,@prisonplanet,6
#hillaryemails,@prisonplanet,6
#prochoice,@prochoicemass,6
#100yearsstrong,@prolifeaction,6
#indiana,@ravenhuwolf,6
#voterfraud,@ravenhuwolf,6
#hillaryemails,@realalexjones,6
#blacklivesmatter,@realdonaldtrump,6
#gop,@realdonaldtrump,6
#usa,@realdonaldtrump,6
#feelthebern,@realtrevinshu,6
#blacklivesmatter,@rico_hands,6
#nevertrump,@riotwomennn,6
#pjnet,@robinbirdie316,6
#unbornlivesmatter,@robinbirdie316,6
#trump,@rvaregal,6
#feelthebern,@rwsalt,6
#p2,@rwsalt,6
#tiot,@rwsalt,6
#climatechange,@ryotnews,6
#datasec,@safetdata,6
#dncleak,@safetdata,6
#hackers,@safetdata,6
#uselection,@safetdata,6
#hillaryemails,@sandratxas,6
#uselection,@sarajamesaus,6
#anyonebuttrump,@scottadamssays,6
#dangerousdonald,@scottadamssays,6
#makedonalddrumpfagain,@scottadamssays,6
#trump,@seanhannity,6
#hillaryemails,@sentinel2no,6
#podestaemails16,@sentinel2no,6
#melaniatrump,@sharoncarbine,6
#nevertrump,@sharoncarbine,6
#2a,@shazbooty714,6
#guncontrol,@shazbooty714,6
#gunsense,@shazbooty714,6
#imwithher,@shewhovotes,6
#womenstoptrumpparty,@shewhovotes,6
#feelthebern,@shorttermenthus,6
#hillary2016,@shorttermenthus,6
#hillaryshealth,@shorttermenthus,6
#maga,@shorttermenthus,6
#obamacare,@shorttermenthus,6
#sourceshaveconfirmed,@shorttermenthus,6
#trump2016,@shorttermenthus,6
#globalwarming,@skybicycle,6
#hillary,@supportdonald,6
#hillary,@supportdonald,6
#lauraingraham,@supportdonald,6
#trump,@supportdonald,6
#neverhillary,@theanonnmessage,6
#nevertrump,@theanonnmessage,6
#crookeddonald,@theantigop,6
#election2016,@thebatriarchy,6
#arcgis,@thetimes,6
#uselection,@thetimes,6
#maga,@thomasbernpaine,6
#sundaymorning,@tipstoheal,6
#wikileak,@tipstoheal,6
#makedonalddrumpfagain,@tonyschwartz,6
#feelthebern,@travisruger,6
#imwithher,@travisruger,6
#debates,@triple0_medical,6
#healthcare,@triple0_medical,6
#uselection,@triple0_medical,6
#guncontrol,@tuffelhund2003,6
#nevertrump,@txbluinfo,6
#campaignzero,@unevadareno,6
#climatechange,@unfccc,6
#guncontrol,@usc91787,6
#gop,@usembbrussels,6
#uselection,@usembbrussels,6
#hillaryemails,@vegasvictory,6
#wikileaks,@vegasvictory,6
#voteblue,@vooda1,6
#hillaryemails,@vvstyranny,6
#obama,@vvstyranny,6
#wikileaks,@vvstyranny,6
#demexit,@wendyknox64,6
#imwithher,@wendyknox64,6
#jillnothill,@wendyknox64,6
#jillstein,@wendyknox64,6
#nodapl,@wendyknox64,6
#hillaryclinton,@weneedhillary,6
#crookedhillarys,@wikileaks,6
#syria,@williamsjon,6
#nevertrump,@yesnicksearcy,6
#alllivesmatter,@youtube,6
#blacklivesmatter,@_cfj_,5
#debate,@_tedious_,5
#guncontrol,@_tom_bishop,5
#imwithher,@0hour1__,5
#christian,@1207go,5
#jesus,@1207go,5
#love,@1207go,5
#prolife,@1207go,5
#nevertrump,@1mrchris,5
#voteblue,@1mrchris,5
#prolife,@40daysforlife,5
#agriculture,@aaainitiative,5
#climatechange,@aaainitiative,5
#cop22,@aaainitiative,5
#weaaaare,@aaainitiative,5
#studentloandebt,@adamsminsky,5
#guncontrol,@alamoontherise,5
#prochoice,@alanshlemon,5
#clinton,@alarabiya_eng,5
#jenniferlopez,@alarabiya_eng,5
#uselection,@alarabiya_eng,5
#uselection,@albertagrl,5
#wontholdmybreath,@albertagrl,5
#blacklivesmatter,@anime_mp4,5
#studentloandebt,@asa_org,5
#prochoice,@astranetwork,5
#election2016,@autobinaryco,5
#crookedhillary,@avanconia,5
#hillaryclinton,@avaschiffer,5
#news,@avaschiffer,5
#pence,@avaschiffer,5
#personality,@avaschiffer,5
#poll,@avaschiffer,5
#timkaine,@avaschiffer,5
#trump,@avaschiffer,5
#uselection,@avaschiffer,5
#vpdebate,@avaschiffer,5
#women,@avaschiffer,5
#draftmywife,@badideasvs,5
#hillary,@badideasvs,5
#imwithher,@badideasvs,5
#nevertrump,@badideasvs,5
#uselection,@bbcmundo,5
#climatechange,@beforetheflood_,5
#feelthebern,@berniesanders,5
#stopgunviolence,@bigfatdave,5
#globalwarming,@billmaher,5
#election2016,@bleuskye2,5
#whitepeople4blacklives,@blmla,5
#election2016,@bluberco,5
#hillaryemails,@brianefallon,5
#canadians,@brucecooper_td,5
#berniesanders,@carlantoine,5
#clinton,@carlantoine,5
#feelthebern,@carlantoine,5
#jillnothill,@carlantoine,5
#jillstein,@carlantoine,5
#msmbias,@carlantoine,5
#trump,@carlantoine,5
#imwithher,@carolwalden,5
#lgbt,@carolwalden,5
#nevertrump,@carolwalden,5
#womenstoptrumpparty,@carolwalden,5
#hillaryemails,@cathyto47590555,5
#imwithher,@cecilerichards,5
#hillaryemails,@cernovich,5
#nevertrump,@cher,5
#donaldtrump,@chrisbirdreed,5
#hillaryclinton,@chrisbirdreed,5
#hillaryemails,@chrisbirdreed,5
#presidentialelection,@chrisbirdreed,5
#blacklivesmatter,@ciclavia,5
#whitepeople4blacklives,@ciclavia,5
#nodapl,@climatehawk1,5
#climate,@climateprogress,5
#divest,@climateprogress,5
#globalwarming,@climateprogress,5
#globalwarming,@climatesignals,5
#hurricanenicole,@climatesignals,5
#worldanimalday,@climatevegan,5
#debatenight,@cnn,5
#dnc,@cnn,5
#election2016,@cnn,5
#feelthebern,@cnn,5
#feelthebern,@cnn,5
#imwithher,@cnn,5
#flsendebate,@courtchauncey,5
#marco4senate,@courtchauncey,5
#marcorubio,@courtchauncey,5
#prolife,@courtchauncey,5
#alllivesmatter,@crazypastor,5
#1u,@culinary226,5
#walloftacos,@culinary226,5
#workingfamiliesfirst,@culinary226,5
#bookboost,@dagsnotes,5
#guncontrol,@dagsnotes,5
#military,@dagsnotes,5
#snrtg,@dagsnotes,5
#thriller,@dagsnotes,5
#trumpwallprotesters,@dailyevergreen,5
#nevertrump,@danieljwindham,5
#blacklivesmatter,@danney_williams,5
#nyc,@danscavino,5
#prochoice,@darktwistedmeow,5
#blacklivesmatter,@darrenwalker,5
#guns,@datagenesis,5
#obama,@datagenesis,5
#prochoice,@deadnightagain,5
#pjnet,@debraraes,5
#tcot,@debraraes,5
#clinton,@debsellsslc,5
#russia,@debsellsslc,5
#wikileaks,@debsellsslc,5
#imwithher,@deedee2866,5
#womenstoptrumpparty,@deedee2866,5
#lovetrumpshate,@deejay90192,5
#votehillary,@deejay90192,5
#nevertrump,@deemoney521,5
#donaldtrump,@deplorablecbtp,5
#duckdynasty,@deplorablecbtp,5
#philrobertson,@deplorablecbtp,5
#climatechange,@desmogblog,5
#globalwarming,@dgtalgreen,5
#pollution,@dgtalgreen,5
#amen,@die__trying_,5
#blacklivesmatter,@dieaonhislips,5
#makethisgoviral,@dieaonhislips,5
#retweet,@dieaonhislips,5
#uselection,@donlemon,5
#imwithher,@donquixote1950,5
#pig,@donquixote1950,5
#trump,@donquixote1950,5
#defundpp,@drbriankiczek,5
#blm,@drjillstein,5
#forthepeople,@drjillstein,5
#prolife,@drmartyfox,5
#scotus,@drmartyfox,5
#unbornlivesmatter,@drmartyfox,5
#amen,@dstroyr_u2b,5
#blacklivesmatter,@earthman_cometh,5
#blm,@earthman_cometh,5
#forthepeople,@earthman_cometh,5
#divest,@ecowatch,5
#nodapl,@ecowatch,5
#jillstein,@ed_hooley,5
#boston,@edmarkey,5
#stopgunviolence,@edmarkey,5
#vocalmajority,@edmarkey,5
#prochoice,@ejlandwehr,5
#voteprolife,@esmeraldakiczek,5
#globalwarming,@euclimateaction,5
#greenhouse,@euclimateaction,5
#nevertrump,@evan_mcmullin,5
#climatechange,@faonews,5
#sourceshaveconfirmed,@flewbys,5
#imwithher,@floridaforhrc,5
#sheswithus,@floridaforhrc,5
#hatchamendmentof1993,@fluffysays,5
#hillaryemails,@fluffysays,5
#cnn,@foxnews,5
#dnc,@foxnews,5
#nevertrump,@foxnews,5
#prolife,@frfrankpavone,5
#studentloandebt,@gamezlawfirm,5
#berniesanders,@gartrelllinda,5
#feelthebern,@gartrelllinda,5
#hillaryemails,@glennthrush,5
#wikileaks,@glennthrush,5
#nevertrump,@goangelo,5
#climatechange,@gop,5
#prochoice,@gop,5
#election2016,@govgaryjohnson,5
#gunsense,@gunpolicyorg,5
#imwithher,@h1llary4prez,5
#lovetrumpshate,@h1llary4prez,5
#alllivesmatter,@haadeap,5
#blacklivesmatter,@haadeap,5
#feminists,@haadeap,5
#meninists,@haadeap,5
#shiagenocide,@haadeap,5
#sunnigenocide,@haadeap,5
#feelthebern,@hagoodmanauthor,5
#prochoice,@hannahtweeted,5
#alllivesmatter,@hillaryclinton,5
#clinton,@hillaryclinton,5
#debates,@hillaryclinton,5
#florida,@hillaryclinton,5
#gifthevote,@hillaryclinton,5
#hillary2016,@hillaryclinton,5
#lgbt,@hillaryclinton,5
#november8th,@hillaryclinton,5
#ohhillyes,@hillaryclinton,5
#presidentialelection,@hillaryclinton,5
#trumppence16,@hillaryclinton,5
#strongertogether,@hillaryin2016,5
#gunvote,@housegvp,5
#notonemore,@housegvp,5
#stopgunviolence,@housegvp,5
#birtherism,@hulabird1,5
#hillary,@hulabird1,5
#imwithher,@hulabird1,5
#ohio,@hulabird1,5
#wikileaks,@hulabird1,5
#imwithher,@humaabedin,5
#alllivesmatter,@hutch_usa,5
#climatechange,@ignaciomls,5
#globalwarming,@ignaciomls,5
#donaldduck,@immigrant4trump,5
#alllivesmatter,@imnotmormon,5
#americafirst,@imwithher,5
#bernieorbust,@imwithher,5
#draintheswamp,@imwithher,5
#feelthebern,@imwithher,5
#iamwithher,@imwithher,5
#strongertogether,@imwithher,5
#trumptrain,@imwithher,5
#bringbernieback,@inlwithlbeingl,5
#prolife,@inperilous1,5
#gop,@jajorgensen,5
#uselection,@jajorgensen,5
#amen,@jas0n_t,5
#baby,@jaxsaxman,5
#ccot,@jaxsaxman,5
#dads,@jaxsaxman,5
#life,@jaxsaxman,5
#moms,@jaxsaxman,5
#stopabortion,@jaxsaxman,5
#casablanca,@jencarlosmusic,5
#imwithher,@jencarlosmusic,5
#withehouse,@jencarlosmusic,5
#imwithher,@jimobergefell,5
#imwithher,@jkushe,5
#ohhillyes,@jkushe,5
#ohvotesearly,@jkushe,5
#prolife,@joanofarc1920,5
#imwithher,@joebiden,5
#nevertrump,@joebiden,5
#vets,@joecostello,5
#imwithher,@johnjlover,5
#prolife,@johnzwicker1,5
#blacklivesmatter,@jordanchariton,5
#nevertrump,@juddlegum,5
#prochoice,@kathykattenburg,5
#uselection,@kayleighmcenany,5
#trumpwall,@kcts9,5
#hotminute,@kellyannepolls,5
#prochoice,@kelsicanreed,5
#alllivesmatter,@khanknee,5
#samepeoplenewera,@khanknee,5
#typical,@khanknee,5
#nevertrump,@lawrence,5
#climate,@leodicaprio,5
#globalwarming,@leodicaprio,5
#youin,@lpnational,5
#climatechange,@marcorubio,5
#imwithher,@marcorubio,5
#sheswithus,@marcorubio,5
#trumpwall,@markheardusa,5
#prolife,@maryfrommarin,5
#whitepeople4blacklives,@mattmcgorry,5
#trumpwall,@melissakxly4,5
#border,@michaeljohns,5
#securetheborder,@michaeljohns,5
#teaparty,@michaeljohns,5
#trumpwall,@michaeljohns,5
#prolife,@michaelolhava,5
#maga,@mike_pence,5
#nevertrump,@mike_pence,5
#campaignzero,@mikehigdon,5
#blacklivesmatter,@mikelbtko,5
#trump,@moir_alan,5
#uselection,@moir_alan,5
#hillaryemails,@msnbc,5
#nevertrump,@msnbc,5
#hillaryemails,@newtgingrich,5
#nra,@nra,5
#guncontrol,@nrablog,5
#climatechange,@nrdc,5
#trump,@nytimes,5
#uselection,@ocbc_vasumenon,5
#election2016,@occupydemocrats,5
#uselection,@oddschecker,5
#alllivesmatter,@omg_itskhairy,5
#feelthebern,@ourrevolution2,5
#globalwarming,@pacificstand,5
#uselection,@patskarvelas,5
#alllivesmatter,@pattoomey,5
#debate,@pbonmygucci,5
#pence,@pbonmygucci,5
#trump,@pbonmygucci,5
#uselection,@pbonmygucci,5
#p2,@politics_pr,5
#alllivesmatter,@potus,5
#guncontrol,@potus,5
#prochoice,@ppfa,5
#prolife,@proliferosary,5
#hillaryemails,@raniakhalek,5
#podestaemails22,@raniakhalek,5
#breaking,@realalexjones,5
#vets,@realalexjones,5
#americafirst,@realdonaldtrump,5
#clinton,@realdonaldtrump,5
#debates,@realdonaldtrump,5
#debates2016,@realdonaldtrump,5
#duckdynasty,@realdonaldtrump,5
#fliptxdem,@realdonaldtrump,5
#hotminute,@realdonaldtrump,5
#msm,@realdonaldtrump,5
#nevertrump,@realdonaldtrump,5
#nyc,@realdonaldtrump,5
#philrobertson,@realdonaldtrump,5
#uniteblue,@realdonaldtrump,5
#uselection,@realdonaldtrump,5
#wikileaks,@realdonaldtrump,5
#tr,@realkingrobbo,5
#trump,@realtimferguson,5
#uselection,@realtimferguson,5
#hillbots,@realtrevinshu,5
#warcrimes,@realtrevinshu,5
#yemen,@realtrevinshu,5
#blacklivesmatter,@realvinniejames,5
#blacktwitter,@realvinniejames,5
#tcot,@realvinniejames,5
#guncontrol,@reddotarms,5
#gunrights,@reddotarms,5
#stopgunviolence,@resp_solutions,5
#vocalmajority,@resp_solutions,5
#climatechange,@reutersindia,5
#4dicembre,@rinosiconolfi1,5
#hillaryemails,@rinosiconolfi1,5
#renzifail,@rinosiconolfi1,5
#ssm,@rndrive,5
#women,@rwsalt,5
#prochoice,@s_a_malcolm,5
#probirthcontrol,@sammieami,5
#prochoice,@sammieami,5
#prolife,@sammieami,5
#feelthebern,@sardnas51,5
#prolife,@sbalist,5
#colorado,@schotts,5
#copolitics,@schotts,5
#florida,@schotts,5
#hillaryemails,@schotts,5
#jamecomey,@schotts,5
#nevada,@schotts,5
#ohio,@schotts,5
#virginia,@schotts,5
#weiner,@schotts,5
#weinergate2,@schotts,5
#weinerleak,@schotts,5
#nevertrump,@schwarzenegger,5
#donthecon,@scottadamssays,5
#hotminute,@seanhannity,5
#casablanca,@secretarycastro,5
#imwithher,@secretarycastro,5
#withehouse,@secretarycastro,5
#feelthebern,@sensanders,5
#debate,@shackstella,5
#election2016,@shackstella,5
#garyjohnson,@shackstella,5
#rigged2016,@shackstella,5
#prochoice,@shmorggie,5
#sustainableseafood,@skybicycle,5
#uselection,@skynews,5
#imwithher,@solidblue2012,5
#imwithher,@sowithher,5
#election2016,@speakerryan,5
#gunvote,@speakerryan,5
#stopgunviolence,@speakerryan,5
#alllivesmatter,@stopstophillary,5
#alllivesmatter,@strawlivesmattr,5
#blacklivesmatter,@strawlivesmattr,5
#hillaryemails,@sue51684,5
#danneywilliams,@supportdonald,5
#democrats,@supportdonald,5
#bookboost,@susanjeanricci,5
#guncontrol,@susanjeanricci,5
#military,@susanjeanricci,5
#snrtg,@susanjeanricci,5
#thriller,@susanjeanricci,5
#jillnothill,@sweettweettdude,5
#neverhillary,@sweettweettdude,5
#nevertrump,@sweettweettdude,5
#blacklivesmatter,@t_ellisss,5
#ilikeit,@tacphotomedia,5
#trumpthemedia,@tacphotomedia,5
#trumpwall,@tacphotomedia,5
#hillary,@tamaraleighllc,5
#hotminute,@tamaraleighllc,5
#trump,@tamaraleighllc,5
#nyc,@teamtrump,5
#hillaryemails,@teamtrumpco,5
#lyingcrookedhillary,@teamtrumpco,5
#millennials,@teamtrumpco,5
#millennialsvsgenx,@teamtrumpco,5
#putin,@teamtrumpco,5
#globalwarming,@tedcruz,5
#uselection,@terranovajoe,5
#globalwarming,@thecadmeister,5
#feelthebern,@thedemocrats,5
#cnn,@thedonaldnews,5
#hillaryemails,@thedonaldnews,5
#trumpwall,@theinlander,5
#campaignzero,@thelittlekitchn,5
#sxsl,@thelittlekitchn,5
#gunsense,@theomegagambit,5
#dafty,@theprintbox,5
#glasgowbanter,@theprintbox,5
#trumpwall,@theprintbox,5
#alllivesmatter,@thequeenbee007,5
#equality,@thequeenbee007,5
#equalrights,@thequeenbee007,5
#gayrights,@thequeenbee007,5
#genderfluidity,@thequeenbee007,5
#humanrights,@thequeenbee007,5
#lgbt,@thequeenbee007,5
#rt,@thequeenbee007,5
#sexualdiversity,@thequeenbee007,5
#imwithher,@therickydavila,5
#hillaryclinton,@thevgblog,5
#hillaryemails,@thinkivistblog,5
#podestaemails22,@thinkivistblog,5
#broadwayforhillary,@thr,5
#debate,@tmz,5
#election2016,@tmz,5
#feelthebern,@toddbohannon,5
#nevertrump,@tomhanks,5
#globalwarming,@topiclyclimate,5
#demexit,@travisruger,5
#hillarysemail,@travisruger,5
#globalwarming,@triplepundit,5
#feelthebern,@troutmaskreplca,5
#stillsanders,@troutmaskreplca,5
#guncontrol,@true_pundit,5
#amen,@tuffelhund2003,5
#auspol,@turnbullmalcolm,5
#imwithher,@txbluinfo,5
#climatechange,@undp,5
#cop22,@undp,5
#hunger,@undp,5
#amen,@usc91787,5
#prochoice,@votechoice,5
#hillaryclinton,@washtimes,5
#hillaryemails,@washtimes,5
#climatechange,@wbg_climate,5
#waterscarcity,@wbg_climate,5
#americafirst,@wealthissimple,5
#bernieorbust,@wealthissimple,5
#draintheswamp,@wealthissimple,5
#feelthebern,@wealthissimple,5
#iamwithher,@wealthissimple,5
#strongertogether,@wealthissimple,5
#trumptrain,@wealthissimple,5
#uselection,@wearehearken,5
#uselection,@wfpertharin,5
#witw,@wfpertharin,5
#newhampshire,@willedwards,5
#uselection,@willedwards,5
#blacklivesmatter,@wp4rj,5
#whitepeople4blacklives,@wp4rj,5
#donaldtrump,@wtfnewsamerica,5
#potus,@wtfnewsamerica,5
#accepthillary,@yesnicksearcy,5
#alllivesmatter,@youtube,5
#election2016,@youtube,5
#makedonalddrumpfagain,@youtube,5
#trump,@youtube,5
#uselection,@youtube,5
#blacklivesmatter,@yxxngflower,5
#deplorables,@_realvalentina_,4
#jillnothill,@_realvalentina_,4
#blacklivesmatter,@_vsimmons,4
#anonymous,@0hour1__,4
#dnc,@0hour1__,4
#wikileaks,@0hour1__,4
#climatechange,@1776,4
#feelthebern,@99pagefamily,4
#nevertrump,@ac360,4
#clintonkaine,@actiontime,4
#rt,@actiontime,4
#1o5c,@adamvaughan_uk,4
#climatechange,@adamvaughan_uk,4
#desert,@adamvaughan_uk,4
#parisagreement,@adamvaughan_uk,4
#spain,@adamvaughan_uk,4
#uselection,@ajlisteningpost,4
#100yearsstrong,@alanshlemon,4
#plannedparenthood,@alanshlemon,4
#climatechange,@alexanderknight,4
#cop22,@alexanderknight,4
#hillaryemails,@alexandersoros,4
#trumpwall,@amjoyshow,4
#uselection,@amworldtodaypm,4
#uselection,@ananavarro,4
#garyjohnson,@anissanow,4
#jillstein,@anissanow,4
#thirdparties,@anissanow,4
#uselection,@anissanow,4
#imwithher,@anna_v_e,4
#climatechange,@arikring,4
#climatechange,@aseifter,4
#alllivesmatter,@ashley4trump,4
#uselection,@ausoutlook,4
#pjnet,@awakedeborah,4
#trump,@axiomwire,4
#uselection,@axiomwire,4
#blacklivesmatter,@ayanaeliza,4
#riggedsystem,@bakedalaska,4
#blacklivesmatter,@barackobama,4
#uselection,@bbcjamiecoo,4
#uselection,@bbcnews,4
#uselection,@bbcone,4
#uselection,@bd_pip,4
#nevertrump,@belltrumpkin,4
#alllivesmatter,@benandjerrys,4
#baristalife,@berniesanders,4
#election2016,@berniesanders,4
#millennials,@berniesanders,4
#uselection,@berniesanders,4
#uselection,@bernpress,4
#enough,@bigfatdave,4
#hillaryemails,@bikers4trump,4
#taxes,@billmaher,4
#tcot,@billmaher,4
#globalwarming,@billnye,4
#taxes,@billnye,4
#tcot,@billnye,4
#globalwarming,@biologistdan,4
#blacklivesmatter,@blacktolive,4
#climatechange,@blkdogserenade,4
#climatejam,@blkdogserenade,4
#gamejam,@blkdogserenade,4
#blacklivesmatter,@blklivesmatter,4
#uselection,@bloombergtv,4
#alllivesmatter,@bluelivesmtr,4
#bluelivesmatter,@bluelivesmtr,4
#truth,@bluelivesmtr,4