id,TYPE
#globalwarming,1
#uselection,1
#climate,1
#prolife,1
#trump,1
#democrat,1
#voterfraud,1
#1uvote,1
#hillaryemails,1
#economy,1
#electingrecession,1
#election2016,1
#equities,1
#gold,1
#jobs,1
#oil,1
#climatechange,1
#campaignzero,1
#insiders,1
#makedonalddrumpfagain,1
#imwithher,1
#nevertrump,1
#trumpwall,1
#podestaemails,1
#draintheswamp,1
#hillaryclinton,1
#podestaemails2,1
#trump2016,1
#maga,1
#msm,1
#wikileaks,1
#13th,1
#blacklivesmatter,1
#clintonfounation,1
#crookedhillary,1
#paytoplay,1
#flsendebate,1
#guncontrol,1
#alllivesmatter,1
#bluelivesmatter,1
#actonclimate,1
#divest,1
#podestaemails9,1
#2a,1
#nra,1
#mexicowall,1
#tcot,1
#trumptrain,1
#auspol,1
#prochoice,1
#catholics,1
#hilderbeast,1
#trumppence16,1
#trumpwillwin,1
#tgdn,1
#corruption,1
#hillary,1
#immigration,1
#supremecourt,1
#syrians,1
#taxes,1
#feelthebern,1
#100yearsofabuse,1
#pjnet,1
#benghazi,1
#dncleaks,1
#projectveritasaction,1
#defundpp,1
#100yearsstrong,1
#ccot,1
#obama,1
#gunsense,1
#stopgunviolence,1
#fbi,1
#jamescomey,1
#100yearswrong,1
#love,1
#neverhillary,1
#uniteblue,1
#mexico,1
#texas,1
#podestaemails16,1
#iwillvote,1
#donaldtrump,1
#haiti,1
#clowns,1
#p2,1
#hillyes,1
#americafirst,1
#voteblue,1
#wewillnotbedistracted,1
#tntweeters,1
#dnc,1
#hillarysemail,1
#hillary2016,1
#florida,1
#orlando,1
#tampa,1
#repealthe8th,1
#unbornlivesmatter,1
#ctl,1
#topprog,1
#fl,1
#dumptrump,1
#catholic,1
#freestuff,1
#wikileaks10,1
#investing,1
#risk,1
#cambioclimatico,1
#clinton,1
#debate,1
#borders,1
#peoplesmonday,1
#scotus,1
#proudtobepa,1
#praytoendabortion,1
#rednationri,1
#sxsl,1
#climatedisruption,1
#rahmemanuel,1
#sheriffclarke,1
#wapol,1
#crooked,1
#savage,1
#hillarysamerica,1
#racebating,1
#waronpolice,1
#hrc2016,1
#cbs,1
#cnn,1
#foxnews,1
#msnbc,1
#strongertogether,1
#juliekadhu,1
#nativelivesmatter,1
#science,1
#hillaryshealth,1
#justice4msdhu,1
#opdrumpf,1
#lavrov,1
#riggedsystem,1
#voodoo,1
#useyourvoice,1
#comeandtakeit,1
#truepundit,1
#molonlabe,1
#huffpost,1
#libcrib,1
#guns,1
#qldpol,1
#teamclinton,1
#nextfaketrumpvictim,1
#uselection2016,1
#voting,1
#billclinton,1
#halloween2016,1
#rednationrising,1
#wakeupamerica,1
#christians,1
#votetrump,1
#freedom,1
#followthemoney,1
#tjms,1
#podestaemails22,1
#oh,1
#liberalprivilege,1
#stopabortion,1
#armedforces,1
#hero,1
#vets,1
#drumpf,1
#tsrpositiveimages,1
#endabortion,1
#whitehousewatch,1
#sos,1
#independents,1
#latinos,1
#millennials,1
#veterans,1
#jesuspaiditall,1
#kaepernick,1
#lbgtq,1
#sourceshaveconfirmed,1
#trumptapes,1
#sgp,1
#baby,1
#dads,1
#life,1
#moms,1
#guardyourpussies,1
#basketofdeplorables,1
#hillaryhatesamericans,1
#deadlines,1
#vote,1
#voteclimate,1
#wikileaks4,1
#lockherup,1
#hillaryliesmatter,1
#pasen,1
#rkba,1
#hfa,1
#asmsg,1
#paranormal,1
#octobersurprise,1
#beforetheflood,1
#debatenight,1
#hannity,1
#studentloandebt,1
#clintoncorruption,1
#putin,1
#donthecon,1
#nevergop,1
#birddogging,1
#teaparty,1
#christian,1
#vegan,1
#trumpwallprotest,1
#iwillvoteforhillarybecause,1
#riseupasone,1
#spain,1
#trumpwon,1
#neverforget,1
#pa,1
#filthmob,1
#kingfilth,1
#amjoy,1
#reiders,1
#makeamericagreatagain,1
#lasvegas,1
#nc,1
#ut,1
#voteprolife,1
#vocalmajority,1
#presidentialdebate,1
#teamkatie,1
#canada,1
#maine,1
#unbloombergme,1
#god,1
#periscope,1
#talk,1
#bernieorbust,1
#votetrumppence16,1
#cybercrime,1
#antichoice,1
#orpuw,1
#hrc,1
#rigged,1
#valuesvoter,1
#govtcontrol,1
#infographic,1
#debt,1
#freejulian,1
#podestemails10,1
#abortion,1
#chooselife,1
#cop21,1
#cop22,1
#advice,1
#prayer,1
#trumptape,1
#twitterpoll,1
#america,1
#uselections2016,1
#fucktrump,1
#child,1
#support,1
#women,1
#bigdata,1
#basementdwellers,1
#choice42,1
#shocking,1
#islamophobia,1
#racism,1
#tuesdaythoughts,1
#veritas,1
#brexit,1
#lgbtq,1
#godbless,1
#earlyvoting,1
#earth,1
#environment,1
#global,1
#healthcare,1
#usa,1
#widebate,1
#wisen,1
#podestaemails7,1
#womenstoptrumpparty,1
#dvam,1
#enddvnow,1
#15daystillhill,1
#firedup,1
#writeinbernie,1
#thepartyroom,1
#vladimirputin,1
#isis,1
#ab775,1
#abletosave,1
#bernie,1
#castle2016,1
#mosen,1
#momvote,1
#gbbo,1
#podestaemails4,1
#podestaemails5,1
#womenschoice,1
#sentiment,1
#us2016,1
#maga3x,1
#jillnothill,1
#aclu,1
#backtheblue,1
#standfortheblue,1
#illegalimmigrants,1
#securetheborder,1
#standupwithevan,1
#repealthe19th,1
#frackers,1
#nodapl,1
#standingwithstandingrock,1
#waterislife,1
#protectlife,1
#sitin,1
#hfc,1
#babies,1
#plannedparenthood,1
#policestate,1
#bleachbit,1
#weiner,1
#mnleg,1
#womenwinning,1
#maddow,1
#ocala,1
#wednesdaywisdom,1
#ohvotesearly,1
#weather,1
#europe,1
#georgesoros,1
#globalist,1
#obamacare,1
#art,1
#eco,1
#graffiti,1
#nature,1
#streetart,1
#migrants,1
#blklivesmatter,1
#50points,1
#hillarysheal,1
#preborn,1
#lesbicontent,1
#resilience,1
#newrules,1
#canadian,1
#investors,1
#precious,1
#ia,1
#blackpower,1
#blm,1
#clintonfoundation,1
#berniesanders,1
#riggingtheelection,1
#gunrights,1
#newhampshire,1
#trumppoll,1
#capitalism,1
#jaylive,1
#dakotaaccesspipeline,1
#tyt,1
#honduras,1
#humanrights,1
#robbymook,1
#fix96,1
#clintonemails,1
#votrtrump,1
#cruzcrew,1
#blacksfortrump,1
#woke,1
#thatmexicanthing,1
#ocbcmoneymonday,1
#keepitintheground,1
#rt,1
#catsuit,1
#latex,1
#sensational,1
#clintonkaine2016,1
#tn07,1
#assange,1
#ecuador,1
#s,1
#neverhate,1
#podestaemails17,1
#pmlive,1
#ourplanet,1
#podestaemails8,1
#mexicanproblems,1
#idiot,1
#charlotte,1
#mondaymotivation,1
#talktome,1
#pearliegolden,1
#voteyourfuture,1
#collusion,1
#askbernie,1
#retweet,1
#oregon,1
#peace,1
#hw,1
#humaabedin,1
#lockerherup,1
#womenfortrump,1
#readyforhillary,1
#welovehillary,1
#iceberg,1
#iceland,1
#landscape,1
#meltingice,1
#sceniclandscape,1
#donaldtrumpusa1,1
#gunviolence,1
#ssm,1
#abortionrights,1
#arcgis,1
#boston,1
#climatechage,1
#arizona,1
#hispanic,1
#stillsanders,1
#creamer,1
#broadwayforhillary,1
#debates2016,1
#politics,1
#wontholdmybreath,1
#poverty,1
#breaking,1
#sayhername,1
#byegop,1
#yougottogoif,1
#canadians,1
#thingsisayprettyoften,1
#savewater,1
#hellexpanding,1
#potus2016,1
#sialavida,1
#adoptdontshop,1
#adopting,1
#cats,1
#dogs,1
#pet,1
#rabbits,1
#indiana,1
#gop,1
#tiot,1
#datasec,1
#dncleak,1
#hackers,1
#anyonebuttrump,1
#dangerousdonald,1
#melaniatrump,1
#lauraingraham,1
#crookeddonald,1
#sundaymorning,1
#wikileak,1
#debates,1
#demexit,1
#jillstein,1
#crookedhillarys,1
#syria,1
#jesus,1
#agriculture,1
#weaaaare,1
#jenniferlopez,1
#news,1
#pence,1
#personality,1
#poll,1
#timkaine,1
#vpdebate,1
#draftmywife,1
#whitepeople4blacklives,1
#msmbias,1
#lgbt,1
#presidentialelection,1
#hurricanenicole,1
#worldanimalday,1
#marco4senate,1
#marcorubio,1
#1u,1
#walloftacos,1
#workingfamiliesfirst,1
#bookboost,1
#military,1
#snrtg,1
#thriller,1
#trumpwallprotesters,1
#nyc,1
#russia,1
#lovetrumpshate,1
#votehillary,1
#duckdynasty,1
#philrobertson,1
#pollution,1
#amen,1
#makethisgoviral,1
#pig,1
#forthepeople,1
#greenhouse,1
#sheswithus,1
#hatchamendmentof1993,1
#feminists,1
#meninists,1
#shiagenocide,1
#sunnigenocide,1
#gifthevote,1
#november8th,1
#ohhillyes,1
#gunvote,1
#notonemore,1
#birtherism,1
#ohio,1
#donaldduck,1
#iamwithher,1
#bringbernieback,1
#casablanca,1
#withehouse,1
#hotminute,1
#samepeoplenewera,1
#typical,1
#youin,1
#border,1
#fliptxdem,1
#tr,1
#hillbots,1
#warcrimes,1
#yemen,1
#blacktwitter,1
#4dicembre,1
#renzifail,1
#probirthcontrol,1
#colorado,1
#copolitics,1
#jamecomey,1
#nevada,1
#virginia,1
#weinergate2,1
#weinerleak,1
#garyjohnson,1
#rigged2016,1
#sustainableseafood,1
#danneywilliams,1
#democrats,1
#ilikeit,1
#trumpthemedia,1
#lyingcrookedhillary,1
#millennialsvsgenx,1
#dafty,1
#glasgowbanter,1
#equality,1
#equalrights,1
#gayrights,1
#genderfluidity,1
#sexualdiversity,1
#hunger,1
#waterscarcity,1
#witw,1
#potus,1
#accepthillary,1
#deplorables,1
#anonymous,1
#clintonkaine,1
#1o5c,1
#desert,1
#parisagreement,1
#thirdparties,1
#baristalife,1
#enough,1
#climatejam,1
#gamejam,1
#truth,1
@climatehawk1,2
@ajlisteningpost,2
@realdonaldtrump,2
@sbalist,2
@2alaw,2
@emfingersscout,2
@seanhannity,2
@racysicilian,2
@prestigeecon,2
@jerusalem_post,2
@leodicaprio,2
@insidersabc,2
@hillaryclinton,2
@samswey,2
@rabbitandcoffee,2
@easymarkets,2
@grindingdude,2
@johnrmoffitt,2
@wikileaks,2
@immigrant4trump,2
@truenorth_eh,2
@sputnikint,2
@foodplants,2
@jamalandress,2
@lvnancy,2
@marcorubio,2
@boazziz,2
@2afightr,2
@inthenow_tweet,2
@theeconomist,2
@realkingrobbo,2
@smilleesims,2
@liveaction,2
@jackthelad1947,2
@steve0423,2
@culpritenter,2
@defendingtheusa,2
@genelingerfelt,2
@sandratxas,2
@cecilerichards,2
@ppact,2
@showlady102,2
@gerfingerpoken,2
@asamjulian,2
@bbcworld,2
@benjancewicz,2
@cnn,2
@humancoalition,2
@13thfilm,2
@babbsgirl2,2
@realjameswoods,2
@laurenblauren,2
@supportdonald,2
@benjaminswatson,2
@dragonian3333,2
@shaunking,2
@thetrumplady,2
@whispersnewsltd,2
@esmeraldakiczek,2
@jamesrgoodman,2
@wwerollins,2
@drmartyfox,2
@imfabulous13,2
@_makada_,2
@berniesanders,2
@deray,2
@mitchellvii,2
@un_diverted,2
@anildash,2
@gerfingerpoken2,2
@1catherinesiena,2
@hershesquirt,2
@baratunde,2
@donnabrazile,2
@financialreview,2
@prolife_wife,2
@deejay90192,2
@johncardillo,2
@people4bernie,2
@weneedhillary,2
@datagenesis,2
@libliarssuck,2
@roweafr,2
@actiontime,2
@bmoc98,2
@garzavillanueva,2
@potluckpolitico,2
@catwahler,2
@evans4staterep,2
@mcspocky,2
@preciousliberty,2
@telegraph,2
@theantigop,2
@aldotcom,2
@claredalytd,2
@kentkristensen1,2
@repealeight,2
@spindavies,2
@goleftyoungman,2
@roseoyuma,2
@ashagony,2
@marmel,2
@mma_jim,2
@natemfnelson,2
@omfg_america,2
@bfraser747,2
@business,2
@damonbethea1,2
@jko417,2
@lindasuhler,2
@nasaclimate,2
@rednationrising,2
@callawaybot,2
@mspackyetti,2
@chrisjzullo,2
@ajenglish,2
@freenauts,2
@saul42,2
@vanjones68,2
@chelsaat,2
@guardian,2
@michaelcohen212,2
@sarahgi00782242,2
@america_trump,2
@ejlandwehr,2
@evan_mcmullin,2
@gloed_up,2
@nettaaaaaaaa,2
@potus,2
@sunbeltgirl,2
@thomasmoresoc,2
@tomcarterforms,2
@__j_r,2
@darren606,2
@donahuejm,2
@drumpf4pres,2
@evilhillarypics,2
@exxonmobil,2
@jamescomeyfbi,2
@jamesokeefeiii,2
@repjohnlewis,2
@apbusiness,2
@barackobama,2
@girlsreallyrule,2
@just_kurt,2
@smith83k,2
@toupsfamily,2
@trump_videos,2
@unep,2
@wessmith123,2
@abcnews24,2
@abctv,2
@colbyjansenxxx,2
@kazmierskir,2
@marshawnevans,2
@starsrule25,2
@taraflynn,2
@true_pundit,2
@willis_cj,2
@drbriankiczek,2
@ed_hooley,2
@lifesite,2
@military4trump,2
@nra,2
@peaceisactive,2
@resisttyranny,2
@riotwomennn,2
@billkristol,2
@bso,2
@hotpress,2
@janimine,2
@miaanstine,2
@mredtrain,2
@theshaderoom,2
@waynedupreeshow,2
@zaibatsunews,2
@aliotta10,2
@dangerousnat,2
@davidharris707,2
@jphilman0206,2
@masslive,2
@project_veritas,2
@scottbaio,2
@timmelino,2
@cartercenter,2
@chumppresident,2
@crystal1johnson,2
@dailyevergreen,2
@greenpeace,2
@insideclimate,2
@kevinwelbeck,2
@kieragorden,2
@march_for_life,2
@rasmussen_poll,2
@rogernoriegausa,2
@sheriffclarke,2
@wendyhapgood,2
@albertdeascenti,2
@asianamerica,2
@bakrawiec,2
@brucezobel,2
@corasherlock,2
@dineshdsouza,2
@eddie1971nyc,2
@kimparlee,2
@mayaharris_,2
@miami4trump,2
@mrntweet2,2
@ramonctaylor,2
@ravenhuwolf,2
@thevgblog,2
@tomiahonen,2
@tyleroakley,2
@varneyco,2
@washingtonpost,2
@wsupullman,2
@_four_horsemen,2
@brucecooper_td,2
@caterinagrove,2
@cernovich,2
@chris_1791,2
@cruzinahead,2
@makaylaathomass,2
@martinstarr,2
@mindflayer1969,2
@moneytalkbnn,2
@nytimes,2
@peterjholley,2
@thedemocrats,2
@thehill,2
@whitehouse,2
@wildchild69,2
@csgv,2
@denasialawrence,2
@dovewan,2
@fbi,2
@hehasnttweeted2,2
@housedemocrats,2
@katiemcgintypa,2
@kaylinwinters2,2
@kharyp,2
@michaelemann,2
@naral,2
@pastorbones,2
@patriotibrwb,2
@picardonhealth,2
@robinbirdie316,2
@royalhoeliness,2
@senatedems,2
@senatormroberts,2
@sensanders,2
@supgvnetwork,2
@thedavidmcguire,2
@amoatengjames1,2
@andersoncooper,2
@awakedeborah,2
@church_pop,2
@climatecouncil,2
@davezeltserman,2
@echoesfromabove,2
@foxnews,2
@friendlyjmc,2
@gopaaron,2
@greensjeremy,2
@grist,2
@healthuever,2
@iamjohnoliver,2
@jedijones77,2
@jlo,2
@johnfugelsang,2
@joshfoxfilm,2
@juliamacfarlane,2
@kos_cars,2
@lifehaspurpose,2
@mbglenn,2
@reverantrevan,2
@russfeingold,2
@shennafoxmusic,2
@teamtrump,2
@tishjames,2
@xhnews,2
@0hour1__,2
@akc0g,2
@an9936,2
@apple,2
@bannerite,2
@climatevegan,2
@danscavino,2
@dstroyr_u2b,2
@elpaisinenglish,2
@faithrubpol,2
@frankgaffney,2
@hardlanding,2
@infowars_sniper,2
@iraiseufacts,2
@jimobergefell,2
@kingfilth,2
@lalodagach,2
@leahr77,2
@middleclazzmom,2
@mikebloomberg,2
@misterdish69,2
@patriotginger2,2
@patriotjewel,2
@pitchfork,2
@pveritas_action,2
@stonewall_77,2
@sunrise51052,2
@trumphotels,2
@vickilynne58,2
@vivalaames,2
@wesntex,2
@allanmargolin,2
@benhowe,2
@biz_emom,2
@blk_voice,2
@chooseliferacr,2
@conservbabes,2
@daluckyone1,2
@drjillstein,2
@eaint66,2
@ericboehlert,2
@gabbygiffords,2
@gunpolicyorg,2
@johnlegend,2
@kylegriffin1,2
@leafer1,2
@logicalcampaign,2
@mackrdslim,2
@only1perseus,2
@periscopetv,2
@politics_pr,2
@rashas_mo,2
@realdenaldtrump,2
@roseaguilar,2
@speedprayers,2
@tmwinsett,2
@ukauthority,2
@unpoliticalprty,2
@vooda1,2
@wsj,2
@abc,2
@abcnews,2
@astrongusa,2
@athletics,2
@blmla,2
@bryandawsonusa,2
@countable,2
@craigstone_,2
@danoroadblade,2
@ericscheidler,2
@ericwolfson,2
@fchildr,2
@frankieboyle,2
@frene__,2
@gop,2
@humans_vs_trump,2
@jasoninthehouse,2
@kcnationdefense,2
@kzapponetd,2
@lellygal,2
@marylene58,2
@mrnegromilitant,2
@mv4hillary,2
@pablorodas,2
@patriotginger,2
@primopolls,2
@realscotternst,2
@standtrue,2
@tariqnasheed,2
@techtanknews,2
@thehoosiermommy,2
@therickydavila,2
@vivalibertycom,2
@wmo,2
@_realvalentina_,2
@andieiamwhoiam,2
@berniecrats1,2
@bigfatdave,2
@brownblaze,2
@brucebourgoine,2
@choicefortwo,2
@cnm_michael,2
@dirkercken,2
@fubsyshabaroon,2
@hfa,2
@housejudiciary,2
@irishair_,2
@janevoter,2
@jmac999,2
@komptonmusic,2
@lastweektonight,2
@lawlesspirate,2
@leahtysse,2
@lipstickcrnvre,2
@littlemissaoife,2
@mahamosa,2
@marieaflaherty,2
@matty_lawrence,2
@missouristate,2
@montel_williams,2
@natgeochannel,2
@nrlc,2
@queseryto,2
@realmrspjnet,2
@rninfl,2
@ryebarcott,2
@sameoldkeven,2
@statdevices,2
@suzettelt,2
@texasman2008,2
@wave_edfund,2
@zaaaym_sheblack,2
@zesty_rightwing,2
@2deplorables,2
@avanconia,2
@bbciplayer,2
@bbcpress,2
@berniethebest1,2
@bikers4trump,2
@clauslarsenatos,2
@climatereality,2
@clime_it,2
@doubtmyprogress,2
@dwabriz,2
@farrm51,2
@frfrankpavone,2
@greenpeaceca,2
@guardianaus,2
@hanzalaofficial,2
@housegop,2
@httweets,2
@johnmoralesnbc6,2
@kelseymcc17,2
@klsouth,2
@lifezette,2
@lipstickpundit1,2
@lovejoy999,2
@marjoriesba,2
@mfisher096,2
@michaelolhava,2
@motalvanisabela,2
@novusordowatch,2
@nzayed07,2
@opiniononion7,2
@pattondivision,2
@paulhbeckwith,2
@profhansnoel,2
@prolifeaction,2
@rndrive,2
@rnrminnesota,2
@ronwasaltright,2
@rt_america,2
@rumpfshaker,2
@stacybrewer18,2
@teamkander,2
@tgradous,2
@thedailybeast,2
@thomasbernpaine,2
@ticas_org,2
@tipstoheal,2
@trueblacknews,2
@umlahab,2
@us_army_vet,2
@viciousbabushka,2
@_tedious_,2
@aauw,2
@abinarynews,2
@agnesclaire,2
@anncoulter,2
@authorkimberley,2
@bedonalddrumpf,2
@benjung,2
@bethweber1,2
@billmaher,2
@blueskies366,2
@carrieksada,2
@chessie_girl,2
@chiarigirl357,2
@climateguardia,2
@culinary226,2
@dailyo_,2
@debramessing,2
@debsellsslc,2
@dinatitus,2
@donaldtrumpwall,2
@ecowatch,2
@h1llary4prez,2
@honey17011,2
@imwithyou010,2
@insanityisfree,2
@ireland,2
@jackiec1989,2
@jaxsaxman,2
@jaysekulow,2
@jeff257,2
@johnjohngildea,2
@jolly_rancher,2
@kamvtv,2
@letha_hughes,2
@lonewolf907,2
@mama_jones2013,2
@mattmcgorry,2
@mike_pence,2
@naijaplayhiphop,2
@nasfaa,2
@ndctrump,2
@nerdroadkill,2
@nobarriers2016,2
@pauledawson,2
@radiofreetom,2
@randpaul,2
@rocketcstudio,2
@rolandschoeman,2
@simonradio1776,2
@vabvox,2
@virginialynn_,2
@wbg_climate,2
@weblyzard,2
@williamsjon,2
@wtfnewsamerica,2
@adamgrowe,2
@adrianastuijt,2
@analieseeicher,2
@atlaswon,2
@avaetc,2
@chris11962,2
@co_rapunzel4,2
@dahmacdaddy808,2
@deiafilm,2
@die__trying_,2
@diviided,2
@elnortej,2
@fightdenial,2
@for_trump_2016,2
@ghoshamitav,2
@halsteadg048,2
@highcrimes_,2
@hispanicstrump,2
@imtonykenny,2
@ingrahamangle,2
@inlwithlbeingl,2
@jas0n_t,2
@jdmeac,2
@joshuamhorwitz,2
@juanorlandoh,2
@jwspry,2
@kellyannepolls,2
@kezdugdale,2
@libertyusa1776,2
@liveactionnews,2
@manmet80,2
@marcarobinson1,2
@mebabihutan,2
@megansmiles,2
@michaeldean0116,2
@mikejonesyjones,2
@mincanadafa,2
@mishgea,2
@muchmoresalt,2
@noleforjustice,2
@notospeciesism,2
@nyt,2
@ocbc_vasumenon,2
@ohiobelle,2
@omarosa,2
@pattriotpat,2
@ppfa,2
@reprichmond,2
@rlestate4life,2
@rubberdoll,2
@rvaregal,2
@sebroche,2
@seeker401,2
@senfallon2016,2
@shallnotorg,2
@shaw85tim,2
@steveruffley,2
@tarheelkrazie,2
@tgowdysc,2
@therealcurve,2
@tk_perry,2
@tuffelhund2003,2
@tweet4snowden,2
@twitter,2
@usc91787,2
@vhlawgroup,2
@votemarsha,2
@wms_mary,2
@youtube,2
@aires_amor,2
@airnewsalerts,2
@ajplus,2
@alverezamanda,2
@amazon,2
@american_putz,2
@barbee_liz,2
@bbcjonsopel,2
@benandjerrys,2
@blacknewsoutlet,2
@causeofourjoy,2
@cbcpolitics,2
@cechr_uod,2
@cgerm1,2
@climatesignals,2
@commondreams,2
@cosiskey,2
@creationcare,2
@dailycaller,2
@davidicke,2
@deptofdefense,2
@docmellymel,2
@ejdionne,2
@ericshapiro3,2
@esriuk,2
@fj473,2
@floydmayweather,2
@fordfoundation,2
@georgesoros,2
@gotspeed2burn,2
@govtstheproblem,2
@handley_dix,2
@hanover_jack,2
@hicaliberlilgal,2
@hillaryin2016,2
@hiphopwired,2
@hrtablaze,2
@hutch_usa,2
@jack,2
@joecostello,2
@julietmod,2
@khyradadon,2
@kimmaytube,2
@kris_sacrebleu,2
@lpnational,2
@marco_ny23,2
@marketing_birds,2
@meganmurnane,2
@melaniatrump,2
@mitch_at_een,2
@mjhucknall,2
@mmi5574,2
@mrmikemac,2
@mtracey,2
@murpharoo,2
@naranjofdez,2
@pcy2rl,2
@peoplescourt79,2
@plurtoise,2
@pollytickal,2
@pontifex,2
@ppadvocatespa,2
@princessmom122,2
@prisonplanet,2
@prochoicemass,2
@realalexjones,2
@realtrevinshu,2
@rico_hands,2
@rwsalt,2
@ryotnews,2
@safetdata,2
@sarajamesaus,2
@scottadamssays,2
@sentinel2no,2
@sharoncarbine,2
@shazbooty714,2
@shewhovotes,2
@shorttermenthus,2
@skybicycle,2
@theanonnmessage,2
@thebatriarchy,2
@thetimes,2
@tonyschwartz,2
@travisruger,2
@triple0_medical,2
@txbluinfo,2
@unevadareno,2
@unfccc,2
@usembbrussels,2
@vegasvictory,2
@vvstyranny,2
@wendyknox64,2
@yesnicksearcy,2
@_cfj_,2
@_tom_bishop,2
@1207go,2
@1mrchris,2
@40daysforlife,2
@aaainitiative,2
@adamsminsky,2
@alamoontherise,2
@alanshlemon,2
@alarabiya_eng,2
@albertagrl,2
@anime_mp4,2
@asa_org,2
@astranetwork,2
@autobinaryco,2
@avaschiffer,2
@badideasvs,2
@bbcmundo,2
@beforetheflood_,2
@bleuskye2,2
@bluberco,2
@brianefallon,2
@carlantoine,2
@carolwalden,2
@cathyto47590555,2
@cher,2
@chrisbirdreed,2
@ciclavia,2
@climateprogress,2
@courtchauncey,2
@crazypastor,2
@dagsnotes,2
@danieljwindham,2
@danney_williams,2
@darktwistedmeow,2
@darrenwalker,2
@deadnightagain,2
@debraraes,2
@deedee2866,2
@deemoney521,2
@deplorablecbtp,2
@desmogblog,2
@dgtalgreen,2
@dieaonhislips,2
@donlemon,2
@donquixote1950,2
@earthman_cometh,2
@edmarkey,2
@euclimateaction,2
@faonews,2
@flewbys,2
@floridaforhrc,2
@fluffysays,2
@gamezlawfirm,2
@gartrelllinda,2
@glennthrush,2
@goangelo,2
@govgaryjohnson,2
@haadeap,2
@hagoodmanauthor,2
@hannahtweeted,2
@housegvp,2
@hulabird1,2
@humaabedin,2
@ignaciomls,2
@imnotmormon,2
@imwithher,2
@inperilous1,2
@jajorgensen,2
@jencarlosmusic,2
@jkushe,2
@joanofarc1920,2
@joebiden,2
@johnjlover,2
@johnzwicker1,2
@jordanchariton,2
@juddlegum,2
@kathykattenburg,2
@kayleighmcenany,2
@kcts9,2
@kelsicanreed,2
@khanknee,2
@lawrence,2
@markheardusa,2
@maryfrommarin,2
@melissakxly4,2
@michaeljohns,2
@mikehigdon,2
@mikelbtko,2
@moir_alan,2
@msnbc,2
@newtgingrich,2
@nrablog,2
@nrdc,2
@occupydemocrats,2
@oddschecker,2
@omg_itskhairy,2
@ourrevolution2,2
@pacificstand,2
@patskarvelas,2
@pattoomey,2
@pbonmygucci,2
@proliferosary,2
@raniakhalek,2
@realtimferguson,2
@realvinniejames,2
@reddotarms,2
@resp_solutions,2
@reutersindia,2
@rinosiconolfi1,2
@s_a_malcolm,2
@sammieami,2
@sardnas51,2
@schotts,2
@schwarzenegger,2
@secretarycastro,2
@shackstella,2
@shmorggie,2
@skynews,2
@solidblue2012,2
@sowithher,2
@speakerryan,2
@stopstophillary,2
@strawlivesmattr,2
@sue51684,2
@susanjeanricci,2
@sweettweettdude,2
@t_ellisss,2
@tacphotomedia,2
@tamaraleighllc,2
@teamtrumpco,2
@tedcruz,2
@terranovajoe,2
@thecadmeister,2
@thedonaldnews,2
@theinlander,2
@thelittlekitchn,2
@theomegagambit,2
@theprintbox,2
@thequeenbee007,2
@thinkivistblog,2
@thr,2
@tmz,2
@toddbohannon,2
@tomhanks,2
@topiclyclimate,2
@triplepundit,2
@troutmaskreplca,2
@turnbullmalcolm,2
@undp,2
@votechoice,2
@washtimes,2
@wealthissimple,2
@wearehearken,2
@wfpertharin,2
@willedwards,2
@wp4rj,2
@yxxngflower,2
@_vsimmons,2
@1776,2
@99pagefamily,2
@ac360,2
@adamvaughan_uk,2
@alexanderknight,2
@alexandersoros,2
@amjoyshow,2
@amworldtodaypm,2
@ananavarro,2
@anissanow,2
@anna_v_e,2
@arikring,2
@aseifter,2
@ashley4trump,2
@ausoutlook,2
@axiomwire,2
@ayanaeliza,2
@bakedalaska,2
@bbcjamiecoo,2
@bbcnews,2
@bbcone,2
@bd_pip,2
@belltrumpkin,2
@bernpress,2
@billnye,2
@biologistdan,2
@blacktolive,2
@blkdogserenade,2
@blklivesmatter,2
@bloombergtv,2
@bluelivesmtr,2